Driver,Team,LapNumber,LapTimeSeconds,Stint,TyreLife,Compound,TrackStatus,PitInTime,PitOutTime
VER,Red Bull Racing,1,92.19,1.0,1.0,MEDIUM,1,,
VER,Red Bull Racing,2,90.71,1.0,2.0,MEDIUM,1,,
VER,Red Bull Racing,3,90.408,1.0,3.0,MEDIUM,1,,
VER,Red Bull Racing,4,90.716,1.0,4.0,MEDIUM,1,,
VER,Red Bull Racing,5,90.552,1.0,5.0,MEDIUM,1,,
VER,Red Bull Racing,6,90.44,1.0,6.0,MEDIUM,1,,
VER,Red Bull Racing,7,90.529,1.0,7.0,MEDIUM,1,,
VER,Red Bull Racing,8,90.516,1.0,8.0,MEDIUM,1,,
VER,Red Bull Racing,9,90.632,1.0,9.0,MEDIUM,1,,
VER,Red Bull Racing,10,90.506,1.0,10.0,MEDIUM,1,,
VER,Red Bull Racing,11,90.561,1.0,11.0,MEDIUM,1,,
VER,Red Bull Racing,12,90.59,1.0,12.0,MEDIUM,1,,
VER,Red Bull Racing,13,90.561,1.0,13.0,MEDIUM,1,,
VER,Red Bull Racing,14,90.647,1.0,14.0,MEDIUM,1,,
VER,Red Bull Racing,15,90.267,1.0,15.0,MEDIUM,1,,
VER,Red Bull Racing,16,92.558,1.0,16.0,MEDIUM,1,0 days 01:26:36.112000,
VER,Red Bull Racing,17,110.188,2.0,1.0,HARD,1,,0 days 01:26:57.721000
VER,Red Bull Racing,18,89.896,2.0,2.0,HARD,1,,
VER,Red Bull Racing,19,89.386,2.0,3.0,HARD,1,,
VER,Red Bull Racing,20,89.628,2.0,4.0,HARD,1,,
VER,Red Bull Racing,21,89.127,2.0,5.0,HARD,1,,
VER,Red Bull Racing,22,89.689,2.0,6.0,HARD,1,,
VER,Red Bull Racing,23,89.634,2.0,7.0,HARD,1,,
VER,Red Bull Racing,24,89.293,2.0,8.0,HARD,1,,
VER,Red Bull Racing,25,89.401,2.0,9.0,HARD,1,,
VER,Red Bull Racing,26,89.289,2.0,10.0,HARD,1,,
VER,Red Bull Racing,27,89.156,2.0,11.0,HARD,1,,
VER,Red Bull Racing,28,89.217,2.0,12.0,HARD,1,,
VER,Red Bull Racing,29,89.183,2.0,13.0,HARD,1,,
VER,Red Bull Racing,30,89.266,2.0,14.0,HARD,1,,
VER,Red Bull Racing,31,89.149,2.0,15.0,HARD,1,,
VER,Red Bull Racing,32,89.1,2.0,16.0,HARD,1,,
VER,Red Bull Racing,33,89.137,2.0,17.0,HARD,1,,
VER,Red Bull Racing,34,89.077,2.0,18.0,HARD,1,,
VER,Red Bull Racing,35,89.148,2.0,19.0,HARD,1,,
VER,Red Bull Racing,36,88.902,2.0,20.0,HARD,1,,
VER,Red Bull Racing,37,88.91,2.0,21.0,HARD,1,,
VER,Red Bull Racing,38,89.073,2.0,22.0,HARD,1,,
VER,Red Bull Racing,39,88.849,2.0,23.0,HARD,1,,
VER,Red Bull Racing,40,89.053,2.0,24.0,HARD,1,,
VER,Red Bull Racing,41,89.003,2.0,25.0,HARD,1,,
VER,Red Bull Racing,42,89.082,2.0,26.0,HARD,1,,
VER,Red Bull Racing,43,91.391,2.0,27.0,HARD,1,0 days 02:07:08.444000,
VER,Red Bull Racing,44,108.17,3.0,1.0,HARD,1,,0 days 02:07:29.615000
VER,Red Bull Racing,45,86.993,3.0,2.0,HARD,1,,
VER,Red Bull Racing,46,87.902,3.0,3.0,HARD,1,,
VER,Red Bull Racing,47,87.962,3.0,4.0,HARD,1,,
VER,Red Bull Racing,48,87.968,3.0,5.0,HARD,1,,
VER,Red Bull Racing,49,87.901,3.0,6.0,HARD,1,,
VER,Red Bull Racing,50,88.04,3.0,7.0,HARD,1,,
VER,Red Bull Racing,51,87.849,3.0,8.0,HARD,1,,
VER,Red Bull Racing,52,87.851,3.0,9.0,HARD,1,,
VER,Red Bull Racing,53,87.683,3.0,10.0,HARD,1,,
VER,Red Bull Racing,54,87.513,3.0,11.0,HARD,1,,
VER,Red Bull Racing,55,87.93,3.0,12.0,HARD,1,,
VER,Red Bull Racing,56,87.727,3.0,13.0,HARD,1,,
VER,Red Bull Racing,57,87.98,3.0,14.0,HARD,1,,
VER,Red Bull Racing,58,88.545,3.0,15.0,HARD,1,,
LEC,Ferrari,1,93.119,1.0,1.0,MEDIUM,1,,
LEC,Ferrari,2,91.117,1.0,2.0,MEDIUM,1,,
LEC,Ferrari,3,90.5,1.0,3.0,MEDIUM,1,,
LEC,Ferrari,4,90.884,1.0,4.0,MEDIUM,1,,
LEC,Ferrari,5,90.459,1.0,5.0,MEDIUM,1,,
LEC,Ferrari,6,90.544,1.0,6.0,MEDIUM,1,,
LEC,Ferrari,7,90.373,1.0,7.0,MEDIUM,1,,
LEC,Ferrari,8,90.631,1.0,8.0,MEDIUM,1,,
LEC,Ferrari,9,90.431,1.0,9.0,MEDIUM,1,,
LEC,Ferrari,10,90.609,1.0,10.0,MEDIUM,1,,
LEC,Ferrari,11,90.613,1.0,11.0,MEDIUM,1,,
LEC,Ferrari,12,90.584,1.0,12.0,MEDIUM,1,,
LEC,Ferrari,13,90.817,1.0,13.0,MEDIUM,1,,
LEC,Ferrari,14,90.571,1.0,14.0,MEDIUM,1,,
LEC,Ferrari,15,90.618,1.0,15.0,MEDIUM,1,,
LEC,Ferrari,16,90.711,1.0,16.0,MEDIUM,1,,
LEC,Ferrari,17,92.468,1.0,17.0,MEDIUM,1,0 days 01:28:08.877000,
LEC,Ferrari,18,110.342,2.0,1.0,HARD,1,,0 days 01:28:30.767000
LEC,Ferrari,19,89.908,2.0,2.0,HARD,1,,
LEC,Ferrari,20,90.073,2.0,3.0,HARD,1,,
LEC,Ferrari,21,89.724,2.0,4.0,HARD,1,,
LEC,Ferrari,22,89.704,2.0,5.0,HARD,1,,
LEC,Ferrari,23,89.847,2.0,6.0,HARD,1,,
LEC,Ferrari,24,89.577,2.0,7.0,HARD,1,,
LEC,Ferrari,25,89.707,2.0,8.0,HARD,1,,
LEC,Ferrari,26,89.655,2.0,9.0,HARD,1,,
LEC,Ferrari,27,89.21,2.0,10.0,HARD,1,,
LEC,Ferrari,28,89.556,2.0,11.0,HARD,1,,
LEC,Ferrari,29,89.556,2.0,12.0,HARD,1,,
LEC,Ferrari,30,89.428,2.0,13.0,HARD,1,,
LEC,Ferrari,31,89.554,2.0,14.0,HARD,1,,
LEC,Ferrari,32,89.815,2.0,15.0,HARD,1,,
LEC,Ferrari,33,89.693,2.0,16.0,HARD,1,,
LEC,Ferrari,34,89.447,2.0,17.0,HARD,1,,
LEC,Ferrari,35,91.443,2.0,18.0,HARD,1,0 days 01:55:25.030000,
LEC,Ferrari,36,108.82,3.0,1.0,HARD,1,,0 days 01:55:46.358000
LEC,Ferrari,37,89.035,3.0,2.0,HARD,1,,
LEC,Ferrari,38,88.736,3.0,3.0,HARD,1,,
LEC,Ferrari,39,88.759,3.0,4.0,HARD,1,,
LEC,Ferrari,40,88.546,3.0,5.0,HARD,1,,
LEC,Ferrari,41,88.466,3.0,6.0,HARD,1,,
LEC,Ferrari,42,88.277,3.0,7.0,HARD,1,,
LEC,Ferrari,43,88.211,3.0,8.0,HARD,1,,
LEC,Ferrari,44,88.199,3.0,9.0,HARD,1,,
LEC,Ferrari,45,88.395,3.0,10.0,HARD,1,,
LEC,Ferrari,46,88.446,3.0,11.0,HARD,1,,
LEC,Ferrari,47,88.221,3.0,12.0,HARD,1,,
LEC,Ferrari,48,88.419,3.0,13.0,HARD,1,,
LEC,Ferrari,49,88.396,3.0,14.0,HARD,1,,
LEC,Ferrari,50,88.258,3.0,15.0,HARD,1,,
LEC,Ferrari,51,88.695,3.0,16.0,HARD,1,,
LEC,Ferrari,52,88.603,3.0,17.0,HARD,1,,
LEC,Ferrari,53,88.545,3.0,18.0,HARD,1,,
LEC,Ferrari,54,88.778,3.0,19.0,HARD,1,,
LEC,Ferrari,55,88.552,3.0,20.0,HARD,1,,
LEC,Ferrari,56,88.657,3.0,21.0,HARD,1,,
LEC,Ferrari,57,89.031,3.0,22.0,HARD,1,,
LEC,Ferrari,58,91.284,3.0,23.0,HARD,1,,
RUS,Mercedes,1,94.776,1.0,1.0,MEDIUM,1,,
RUS,Mercedes,2,91.598,1.0,2.0,MEDIUM,1,,
RUS,Mercedes,3,90.598,1.0,3.0,MEDIUM,1,,
RUS,Mercedes,4,90.797,1.0,4.0,MEDIUM,1,,
RUS,Mercedes,5,90.689,1.0,5.0,MEDIUM,1,,
RUS,Mercedes,6,90.808,1.0,6.0,MEDIUM,1,,
RUS,Mercedes,7,90.842,1.0,7.0,MEDIUM,1,,
RUS,Mercedes,8,90.933,1.0,8.0,MEDIUM,1,,
RUS,Mercedes,9,90.767,1.0,9.0,MEDIUM,1,,
RUS,Mercedes,10,91.14,1.0,10.0,MEDIUM,1,,
RUS,Mercedes,11,90.856,1.0,11.0,MEDIUM,1,,
RUS,Mercedes,12,90.95,1.0,12.0,MEDIUM,1,,
RUS,Mercedes,13,90.816,1.0,13.0,MEDIUM,1,,
RUS,Mercedes,14,92.471,1.0,14.0,MEDIUM,1,0 days 01:23:41.708000,
RUS,Mercedes,15,109.517,2.0,1.0,HARD,1,,0 days 01:24:03.489000
RUS,Mercedes,16,89.537,2.0,2.0,HARD,1,,
RUS,Mercedes,17,90.049,2.0,3.0,HARD,1,,
RUS,Mercedes,18,89.522,2.0,4.0,HARD,1,,
RUS,Mercedes,19,90.358,2.0,5.0,HARD,1,,
RUS,Mercedes,20,90.088,2.0,6.0,HARD,1,,
RUS,Mercedes,21,90.118,2.0,7.0,HARD,1,,
RUS,Mercedes,22,89.786,2.0,8.0,HARD,1,,
RUS,Mercedes,23,89.672,2.0,9.0,HARD,1,,
RUS,Mercedes,24,89.355,2.0,10.0,HARD,1,,
RUS,Mercedes,25,89.545,2.0,11.0,HARD,1,,
RUS,Mercedes,26,89.54,2.0,12.0,HARD,1,,
RUS,Mercedes,27,89.432,2.0,13.0,HARD,1,,
RUS,Mercedes,28,89.565,2.0,14.0,HARD,1,,
RUS,Mercedes,29,89.722,2.0,15.0,HARD,1,,
RUS,Mercedes,30,89.84,2.0,16.0,HARD,1,,
RUS,Mercedes,31,89.402,2.0,17.0,HARD,1,,
RUS,Mercedes,32,89.692,2.0,18.0,HARD,1,,
RUS,Mercedes,33,89.593,2.0,19.0,HARD,1,,
RUS,Mercedes,34,90.962,2.0,20.0,HARD,1,0 days 01:53:57.031000,
RUS,Mercedes,35,109.329,3.0,1.0,HARD,1,,0 days 01:54:19.171000
RUS,Mercedes,36,88.687,3.0,2.0,HARD,1,,
RUS,Mercedes,37,88.943,3.0,3.0,HARD,1,,
RUS,Mercedes,38,89.243,3.0,4.0,HARD,1,,
RUS,Mercedes,39,89.194,3.0,5.0,HARD,1,,
RUS,Mercedes,40,88.683,3.0,6.0,HARD,1,,
RUS,Mercedes,41,88.612,3.0,7.0,HARD,1,,
RUS,Mercedes,42,88.792,3.0,8.0,HARD,1,,
RUS,Mercedes,43,88.524,3.0,9.0,HARD,1,,
RUS,Mercedes,44,88.36,3.0,10.0,HARD,1,,
RUS,Mercedes,45,88.187,3.0,11.0,HARD,1,,
RUS,Mercedes,46,88.192,3.0,12.0,HARD,1,,
RUS,Mercedes,47,88.261,3.0,13.0,HARD,1,,
RUS,Mercedes,48,88.53,3.0,14.0,HARD,1,,
RUS,Mercedes,49,88.428,3.0,15.0,HARD,1,,
RUS,Mercedes,50,88.4,3.0,16.0,HARD,1,,
RUS,Mercedes,51,88.692,3.0,17.0,HARD,1,,
RUS,Mercedes,52,88.877,3.0,18.0,HARD,1,,
RUS,Mercedes,53,88.825,3.0,19.0,HARD,1,,
RUS,Mercedes,54,90.038,3.0,20.0,HARD,1,,
RUS,Mercedes,55,88.976,3.0,21.0,HARD,1,,
RUS,Mercedes,56,88.466,3.0,22.0,HARD,1,,
RUS,Mercedes,57,88.557,3.0,23.0,HARD,1,,
RUS,Mercedes,58,88.82,3.0,24.0,HARD,1,,
PER,Red Bull Racing,1,97.745,1.0,1.0,MEDIUM,1,,
PER,Red Bull Racing,2,91.672,1.0,2.0,MEDIUM,1,,
PER,Red Bull Racing,3,90.469,1.0,3.0,MEDIUM,1,,
PER,Red Bull Racing,4,90.759,1.0,4.0,MEDIUM,1,,
PER,Red Bull Racing,5,90.797,1.0,5.0,MEDIUM,1,,
PER,Red Bull Racing,6,90.682,1.0,6.0,MEDIUM,1,,
PER,Red Bull Racing,7,90.818,1.0,7.0,MEDIUM,1,,
PER,Red Bull Racing,8,90.993,1.0,8.0,MEDIUM,1,,
PER,Red Bull Racing,9,91.287,1.0,9.0,MEDIUM,1,,
PER,Red Bull Racing,10,91.214,1.0,10.0,MEDIUM,1,,
PER,Red Bull Racing,11,91.535,1.0,11.0,MEDIUM,1,,
PER,Red Bull Racing,12,90.874,1.0,12.0,MEDIUM,1,,
PER,Red Bull Racing,13,91.309,1.0,13.0,MEDIUM,1,,
PER,Red Bull Racing,14,91.19,1.0,14.0,MEDIUM,1,,
PER,Red Bull Racing,15,91.225,1.0,15.0,MEDIUM,1,,
PER,Red Bull Racing,16,91.375,1.0,16.0,MEDIUM,1,,
PER,Red Bull Racing,17,93.256,1.0,17.0,MEDIUM,1,0 days 01:28:20.939000,
PER,Red Bull Racing,18,109.031,2.0,1.0,HARD,1,,0 days 01:28:42.423000
PER,Red Bull Racing,19,89.365,2.0,2.0,HARD,1,,
PER,Red Bull Racing,20,89.107,2.0,3.0,HARD,1,,
PER,Red Bull Racing,21,88.986,2.0,4.0,HARD,1,,
PER,Red Bull Racing,22,89.719,2.0,5.0,HARD,1,,
PER,Red Bull Racing,23,89.71,2.0,6.0,HARD,1,,
PER,Red Bull Racing,24,90.001,2.0,7.0,HARD,1,,
PER,Red Bull Racing,25,89.572,2.0,8.0,HARD,1,,
PER,Red Bull Racing,26,89.864,2.0,9.0,HARD,1,,
PER,Red Bull Racing,27,89.34,2.0,10.0,HARD,1,,
PER,Red Bull Racing,28,88.954,2.0,11.0,HARD,1,,
PER,Red Bull Racing,29,89.563,2.0,12.0,HARD,1,,
PER,Red Bull Racing,30,89.48,2.0,13.0,HARD,1,,
PER,Red Bull Racing,31,89.413,2.0,14.0,HARD,1,,
PER,Red Bull Racing,32,89.314,2.0,15.0,HARD,1,,
PER,Red Bull Racing,33,89.261,2.0,16.0,HARD,1,,
PER,Red Bull Racing,34,89.316,2.0,17.0,HARD,1,,
PER,Red Bull Racing,35,89.243,2.0,18.0,HARD,1,,
PER,Red Bull Racing,36,88.928,2.0,19.0,HARD,1,,
PER,Red Bull Racing,37,88.992,2.0,20.0,HARD,1,,
PER,Red Bull Racing,38,89.043,2.0,21.0,HARD,1,,
PER,Red Bull Racing,39,89.13,2.0,22.0,HARD,1,,
PER,Red Bull Racing,40,88.909,2.0,23.0,HARD,1,,
PER,Red Bull Racing,41,89.195,2.0,24.0,HARD,1,,
PER,Red Bull Racing,42,90.958,2.0,25.0,HARD,1,0 days 02:05:55.382000,
PER,Red Bull Racing,43,108.079,3.0,1.0,HARD,1,,0 days 02:06:16.632000
PER,Red Bull Racing,44,87.493,3.0,2.0,HARD,1,,
PER,Red Bull Racing,45,87.837,3.0,3.0,HARD,1,,
PER,Red Bull Racing,46,87.914,3.0,4.0,HARD,1,,
PER,Red Bull Racing,47,88.401,3.0,5.0,HARD,1,,
PER,Red Bull Racing,48,87.97,3.0,6.0,HARD,1,,
PER,Red Bull Racing,49,87.926,3.0,7.0,HARD,1,,
PER,Red Bull Racing,50,87.758,3.0,8.0,HARD,1,,
PER,Red Bull Racing,51,87.866,3.0,9.0,HARD,1,,
PER,Red Bull Racing,52,87.886,3.0,10.0,HARD,1,,
PER,Red Bull Racing,53,88.307,3.0,11.0,HARD,1,,
PER,Red Bull Racing,54,88.024,3.0,12.0,HARD,1,,
PER,Red Bull Racing,55,88.187,3.0,13.0,HARD,1,,
PER,Red Bull Racing,56,87.896,3.0,14.0,HARD,1,,
PER,Red Bull Racing,57,87.991,3.0,15.0,HARD,1,,
PER,Red Bull Racing,58,87.948,3.0,16.0,HARD,1,,
NOR,McLaren,1,94.309,1.0,1.0,MEDIUM,1,,
NOR,McLaren,2,91.43,1.0,2.0,MEDIUM,1,,
NOR,McLaren,3,90.714,1.0,3.0,MEDIUM,1,,
NOR,McLaren,4,90.188,1.0,4.0,MEDIUM,1,,
NOR,McLaren,5,90.456,1.0,5.0,MEDIUM,1,,
NOR,McLaren,6,90.45,1.0,6.0,MEDIUM,1,,
NOR,McLaren,7,90.533,1.0,7.0,MEDIUM,1,,
NOR,McLaren,8,90.676,1.0,8.0,MEDIUM,1,,
NOR,McLaren,9,90.613,1.0,9.0,MEDIUM,1,,
NOR,McLaren,10,90.912,1.0,10.0,MEDIUM,1,,
NOR,McLaren,11,91.228,1.0,11.0,MEDIUM,1,,
NOR,McLaren,12,91.189,1.0,12.0,MEDIUM,1,,
NOR,McLaren,13,91.013,1.0,13.0,MEDIUM,1,,
NOR,McLaren,14,92.394,1.0,14.0,MEDIUM,1,0 days 01:23:39.864000,
NOR,McLaren,15,113.2,2.0,1.0,HARD,1,,0 days 01:24:03.973000
NOR,McLaren,16,89.654,2.0,2.0,HARD,1,,
NOR,McLaren,17,90.133,2.0,3.0,HARD,1,,
NOR,McLaren,18,90.044,2.0,4.0,HARD,1,,
NOR,McLaren,19,89.727,2.0,5.0,HARD,1,,
NOR,McLaren,20,89.902,2.0,6.0,HARD,1,,
NOR,McLaren,21,89.781,2.0,7.0,HARD,1,,
NOR,McLaren,22,90.393,2.0,8.0,HARD,1,,
NOR,McLaren,23,90.24,2.0,9.0,HARD,1,,
NOR,McLaren,24,89.791,2.0,10.0,HARD,1,,
NOR,McLaren,25,89.637,2.0,11.0,HARD,1,,
NOR,McLaren,26,89.308,2.0,12.0,HARD,1,,
NOR,McLaren,27,89.48,2.0,13.0,HARD,1,,
NOR,McLaren,28,89.469,2.0,14.0,HARD,1,,
NOR,McLaren,29,89.426,2.0,15.0,HARD,1,,
NOR,McLaren,30,89.5,2.0,16.0,HARD,1,,
NOR,McLaren,31,90.01,2.0,17.0,HARD,1,,
NOR,McLaren,32,89.842,2.0,18.0,HARD,1,,
NOR,McLaren,33,91.445,2.0,19.0,HARD,1,0 days 01:52:30.798000,
NOR,McLaren,34,107.697,3.0,1.0,HARD,1,,0 days 01:52:52.360000
NOR,McLaren,35,88.736,3.0,2.0,HARD,1,,
NOR,McLaren,36,89.881,3.0,3.0,HARD,1,,
NOR,McLaren,37,89.22,3.0,4.0,HARD,1,,
NOR,McLaren,38,89.596,3.0,5.0,HARD,1,,
NOR,McLaren,39,89.432,3.0,6.0,HARD,1,,
NOR,McLaren,40,89.243,3.0,7.0,HARD,1,,
NOR,McLaren,41,89.064,3.0,8.0,HARD,1,,
NOR,McLaren,42,88.522,3.0,9.0,HARD,1,,
NOR,McLaren,43,88.848,3.0,10.0,HARD,1,,
NOR,McLaren,44,88.539,3.0,11.0,HARD,1,,
NOR,McLaren,45,88.164,3.0,12.0,HARD,1,,
NOR,McLaren,46,88.187,3.0,13.0,HARD,1,,
NOR,McLaren,47,88.568,3.0,14.0,HARD,1,,
NOR,McLaren,48,89.763,3.0,15.0,HARD,1,,
NOR,McLaren,49,88.797,3.0,16.0,HARD,1,,
NOR,McLaren,50,88.634,3.0,17.0,HARD,1,,
NOR,McLaren,51,88.526,3.0,18.0,HARD,1,,
NOR,McLaren,52,88.839,3.0,19.0,HARD,1,,
NOR,McLaren,53,88.557,3.0,20.0,HARD,1,,
NOR,McLaren,54,88.59,3.0,21.0,HARD,1,,
NOR,McLaren,55,88.458,3.0,22.0,HARD,1,,
NOR,McLaren,56,88.572,3.0,23.0,HARD,1,,
NOR,McLaren,57,88.8,3.0,24.0,HARD,1,,
NOR,McLaren,58,88.588,3.0,25.0,HARD,1,,
PIA,McLaren,1,93.882,1.0,1.0,MEDIUM,1,,
PIA,McLaren,2,91.075,1.0,2.0,MEDIUM,1,,
PIA,McLaren,3,90.631,1.0,3.0,MEDIUM,1,,
PIA,McLaren,4,91.816,1.0,4.0,MEDIUM,1,,
PIA,McLaren,5,90.419,1.0,5.0,MEDIUM,1,,
PIA,McLaren,6,90.813,1.0,6.0,MEDIUM,1,,
PIA,McLaren,7,90.953,1.0,7.0,MEDIUM,1,,
PIA,McLaren,8,90.795,1.0,8.0,MEDIUM,1,,
PIA,McLaren,9,90.899,1.0,9.0,MEDIUM,1,,
PIA,McLaren,10,91.239,1.0,10.0,MEDIUM,1,,
PIA,McLaren,11,92.448,1.0,11.0,MEDIUM,1,,
PIA,McLaren,12,91.304,1.0,12.0,MEDIUM,1,,
PIA,McLaren,13,92.981,1.0,13.0,MEDIUM,1,0 days 01:22:13.053000,
PIA,McLaren,14,110.084,2.0,1.0,HARD,1,,0 days 01:22:34.662000
PIA,McLaren,15,90.649,2.0,2.0,HARD,1,,
PIA,McLaren,16,90.276,2.0,3.0,HARD,1,,
PIA,McLaren,17,89.954,2.0,4.0,HARD,1,,
PIA,McLaren,18,90.438,2.0,5.0,HARD,1,,
PIA,McLaren,19,90.498,2.0,6.0,HARD,1,,
PIA,McLaren,20,90.088,2.0,7.0,HARD,1,,
PIA,McLaren,21,89.888,2.0,8.0,HARD,1,,
PIA,McLaren,22,90.496,2.0,9.0,HARD,1,,
PIA,McLaren,23,90.103,2.0,10.0,HARD,1,,
PIA,McLaren,24,89.958,2.0,11.0,HARD,1,,
PIA,McLaren,25,90.028,2.0,12.0,HARD,1,,
PIA,McLaren,26,89.918,2.0,13.0,HARD,1,,
PIA,McLaren,27,89.602,2.0,14.0,HARD,1,,
PIA,McLaren,28,91.036,2.0,15.0,HARD,1,,
PIA,McLaren,29,90.34,2.0,16.0,HARD,1,,
PIA,McLaren,30,90.497,2.0,17.0,HARD,1,,
PIA,McLaren,31,90.082,2.0,18.0,HARD,1,,
PIA,McLaren,32,89.847,2.0,19.0,HARD,1,,
PIA,McLaren,33,89.777,2.0,20.0,HARD,1,,
PIA,McLaren,34,89.841,2.0,21.0,HARD,1,,
PIA,McLaren,35,89.858,2.0,22.0,HARD,1,,
PIA,McLaren,36,91.58,2.0,23.0,HARD,1,0 days 01:57:07.857000,
PIA,McLaren,37,107.533,3.0,1.0,HARD,1,,0 days 01:57:29.013000
PIA,McLaren,38,88.138,3.0,2.0,HARD,1,,
PIA,McLaren,39,88.65,3.0,3.0,HARD,1,,
PIA,McLaren,40,88.683,3.0,4.0,HARD,1,,
PIA,McLaren,41,88.762,3.0,5.0,HARD,1,,
PIA,McLaren,42,88.978,3.0,6.0,HARD,1,,
PIA,McLaren,43,88.332,3.0,7.0,HARD,1,,
PIA,McLaren,44,88.489,3.0,8.0,HARD,1,,
PIA,McLaren,45,88.149,3.0,9.0,HARD,1,,
PIA,McLaren,46,88.806,3.0,10.0,HARD,1,,
PIA,McLaren,47,89.266,3.0,11.0,HARD,1,,
PIA,McLaren,48,89.061,3.0,12.0,HARD,1,,
PIA,McLaren,49,89.445,3.0,13.0,HARD,1,,
PIA,McLaren,50,88.761,3.0,14.0,HARD,1,,
PIA,McLaren,51,88.556,3.0,15.0,HARD,1,,
PIA,McLaren,52,88.397,3.0,16.0,HARD,1,,
PIA,McLaren,53,88.788,3.0,17.0,HARD,1,,
PIA,McLaren,54,88.536,3.0,18.0,HARD,1,,
PIA,McLaren,55,88.729,3.0,19.0,HARD,1,,
PIA,McLaren,56,88.706,3.0,20.0,HARD,1,,
PIA,McLaren,57,88.786,3.0,21.0,HARD,1,,
PIA,McLaren,58,88.467,3.0,22.0,HARD,1,,
ALO,Aston Martin,1,96.044,1.0,1.0,MEDIUM,1,,
ALO,Aston Martin,2,91.755,1.0,2.0,MEDIUM,1,,
ALO,Aston Martin,3,90.823,1.0,3.0,MEDIUM,1,,
ALO,Aston Martin,4,90.66,1.0,4.0,MEDIUM,1,,
ALO,Aston Martin,5,90.773,1.0,5.0,MEDIUM,1,,
ALO,Aston Martin,6,90.803,1.0,6.0,MEDIUM,1,,
ALO,Aston Martin,7,90.782,1.0,7.0,MEDIUM,1,,
ALO,Aston Martin,8,91.109,1.0,8.0,MEDIUM,1,,
ALO,Aston Martin,9,90.915,1.0,9.0,MEDIUM,1,,
ALO,Aston Martin,10,91.18,1.0,10.0,MEDIUM,1,,
ALO,Aston Martin,11,91.381,1.0,11.0,MEDIUM,1,,
ALO,Aston Martin,12,93.378,1.0,12.0,MEDIUM,1,0 days 01:20:43.398000,
ALO,Aston Martin,13,110.005,2.0,2.0,HARD,1,,0 days 01:21:05.741000
ALO,Aston Martin,14,90.466,2.0,3.0,HARD,1,,
ALO,Aston Martin,15,90.389,2.0,4.0,HARD,1,,
ALO,Aston Martin,16,90.314,2.0,5.0,HARD,1,,
ALO,Aston Martin,17,90.308,2.0,6.0,HARD,1,,
ALO,Aston Martin,18,90.38,2.0,7.0,HARD,1,,
ALO,Aston Martin,19,90.205,2.0,8.0,HARD,1,,
ALO,Aston Martin,20,90.38,2.0,9.0,HARD,1,,
ALO,Aston Martin,21,89.887,2.0,10.0,HARD,1,,
ALO,Aston Martin,22,90.463,2.0,11.0,HARD,1,,
ALO,Aston Martin,23,90.102,2.0,12.0,HARD,1,,
ALO,Aston Martin,24,90.093,2.0,13.0,HARD,1,,
ALO,Aston Martin,25,90.951,2.0,14.0,HARD,1,,
ALO,Aston Martin,26,89.936,2.0,15.0,HARD,1,,
ALO,Aston Martin,27,90.229,2.0,16.0,HARD,1,,
ALO,Aston Martin,28,90.559,2.0,17.0,HARD,1,,
ALO,Aston Martin,29,90.009,2.0,18.0,HARD,1,,
ALO,Aston Martin,30,90.415,2.0,19.0,HARD,1,,
ALO,Aston Martin,31,90.128,2.0,20.0,HARD,1,,
ALO,Aston Martin,32,89.807,2.0,21.0,HARD,1,,
ALO,Aston Martin,33,90.426,2.0,22.0,HARD,1,,
ALO,Aston Martin,34,89.884,2.0,23.0,HARD,1,,
ALO,Aston Martin,35,89.869,2.0,24.0,HARD,1,,
ALO,Aston Martin,36,92.048,2.0,25.0,HARD,1,0 days 01:57:10.607000,
ALO,Aston Martin,37,110.279,3.0,2.0,HARD,1,,0 days 01:57:32.419000
ALO,Aston Martin,38,88.909,3.0,3.0,HARD,1,,
ALO,Aston Martin,39,88.8,3.0,4.0,HARD,1,,
ALO,Aston Martin,40,88.617,3.0,5.0,HARD,1,,
ALO,Aston Martin,41,88.81,3.0,6.0,HARD,1,,
ALO,Aston Martin,42,88.256,3.0,7.0,HARD,1,,
ALO,Aston Martin,43,88.769,3.0,8.0,HARD,1,,
ALO,Aston Martin,44,88.986,3.0,9.0,HARD,1,,
ALO,Aston Martin,45,90.177,3.0,10.0,HARD,1,,
ALO,Aston Martin,46,88.554,3.0,11.0,HARD,1,,
ALO,Aston Martin,47,88.625,3.0,12.0,HARD,1,,
ALO,Aston Martin,48,88.592,3.0,13.0,HARD,1,,
ALO,Aston Martin,49,88.5,3.0,14.0,HARD,1,,
ALO,Aston Martin,50,88.619,3.0,15.0,HARD,1,,
ALO,Aston Martin,51,88.491,3.0,16.0,HARD,1,,
ALO,Aston Martin,52,88.604,3.0,17.0,HARD,1,,
ALO,Aston Martin,53,88.714,3.0,18.0,HARD,1,,
ALO,Aston Martin,54,89.174,3.0,19.0,HARD,1,,
ALO,Aston Martin,55,88.952,3.0,20.0,HARD,1,,
ALO,Aston Martin,56,89.108,3.0,21.0,HARD,1,,
ALO,Aston Martin,57,89.038,3.0,22.0,HARD,1,,
ALO,Aston Martin,58,88.706,3.0,23.0,HARD,1,,
TSU,AlphaTauri,1,95.435,1.0,1.0,MEDIUM,1,,
TSU,AlphaTauri,2,91.674,1.0,2.0,MEDIUM,1,,
TSU,AlphaTauri,3,90.674,1.0,3.0,MEDIUM,1,,
TSU,AlphaTauri,4,90.757,1.0,4.0,MEDIUM,1,,
TSU,AlphaTauri,5,90.685,1.0,5.0,MEDIUM,1,,
TSU,AlphaTauri,6,90.786,1.0,6.0,MEDIUM,1,,
TSU,AlphaTauri,7,90.826,1.0,7.0,MEDIUM,1,,
TSU,AlphaTauri,8,91.097,1.0,8.0,MEDIUM,1,,
TSU,AlphaTauri,9,90.862,1.0,9.0,MEDIUM,1,,
TSU,AlphaTauri,10,91.104,1.0,10.0,MEDIUM,1,,
TSU,AlphaTauri,11,91.472,1.0,11.0,MEDIUM,1,,
TSU,AlphaTauri,12,91.466,1.0,12.0,MEDIUM,1,,
TSU,AlphaTauri,13,91.198,1.0,13.0,MEDIUM,1,,
TSU,AlphaTauri,14,90.85,1.0,14.0,MEDIUM,1,,
TSU,AlphaTauri,15,90.901,1.0,15.0,MEDIUM,1,,
TSU,AlphaTauri,16,91.081,1.0,16.0,MEDIUM,1,,
TSU,AlphaTauri,17,91.228,1.0,17.0,MEDIUM,1,,
TSU,AlphaTauri,18,91.244,1.0,18.0,MEDIUM,1,,
TSU,AlphaTauri,19,91.453,1.0,19.0,MEDIUM,1,,
TSU,AlphaTauri,20,91.211,1.0,20.0,MEDIUM,1,,
TSU,AlphaTauri,21,91.134,1.0,21.0,MEDIUM,1,,
TSU,AlphaTauri,22,92.567,1.0,22.0,MEDIUM,1,0 days 01:35:53.481000,
TSU,AlphaTauri,23,110.404,2.0,1.0,HARD,1,,0 days 01:36:14.918000
TSU,AlphaTauri,24,90.313,2.0,2.0,HARD,1,,
TSU,AlphaTauri,25,90.104,2.0,3.0,HARD,1,,
TSU,AlphaTauri,26,89.724,2.0,4.0,HARD,1,,
TSU,AlphaTauri,27,89.942,2.0,5.0,HARD,1,,
TSU,AlphaTauri,28,89.892,2.0,6.0,HARD,1,,
TSU,AlphaTauri,29,89.688,2.0,7.0,HARD,1,,
TSU,AlphaTauri,30,89.989,2.0,8.0,HARD,1,,
TSU,AlphaTauri,31,89.667,2.0,9.0,HARD,1,,
TSU,AlphaTauri,32,89.968,2.0,10.0,HARD,1,,
TSU,AlphaTauri,33,89.759,2.0,11.0,HARD,1,,
TSU,AlphaTauri,34,89.976,2.0,12.0,HARD,1,,
TSU,AlphaTauri,35,89.773,2.0,13.0,HARD,1,,
TSU,AlphaTauri,36,89.64,2.0,14.0,HARD,1,,
TSU,AlphaTauri,37,89.834,2.0,15.0,HARD,1,,
TSU,AlphaTauri,38,90.579,2.0,16.0,HARD,1,,
TSU,AlphaTauri,39,91.013,2.0,17.0,HARD,1,,
TSU,AlphaTauri,40,89.633,2.0,18.0,HARD,1,,
TSU,AlphaTauri,41,89.511,2.0,19.0,HARD,1,,
TSU,AlphaTauri,42,90.349,2.0,20.0,HARD,1,,
TSU,AlphaTauri,43,89.659,2.0,21.0,HARD,1,,
TSU,AlphaTauri,44,89.732,2.0,22.0,HARD,1,,
TSU,AlphaTauri,45,89.315,2.0,23.0,HARD,1,,
TSU,AlphaTauri,46,89.41,2.0,24.0,HARD,1,,
TSU,AlphaTauri,47,89.335,2.0,25.0,HARD,1,,
TSU,AlphaTauri,48,90.932,2.0,26.0,HARD,1,,
TSU,AlphaTauri,49,89.951,2.0,27.0,HARD,1,,
TSU,AlphaTauri,50,89.643,2.0,28.0,HARD,1,,
TSU,AlphaTauri,51,89.529,2.0,29.0,HARD,1,,
TSU,AlphaTauri,52,89.454,2.0,30.0,HARD,1,,
TSU,AlphaTauri,53,89.413,2.0,31.0,HARD,1,,
TSU,AlphaTauri,54,89.385,2.0,32.0,HARD,1,,
TSU,AlphaTauri,55,89.256,2.0,33.0,HARD,1,,
TSU,AlphaTauri,56,91.027,2.0,34.0,HARD,1,,
TSU,AlphaTauri,57,89.828,2.0,35.0,HARD,1,,
TSU,AlphaTauri,58,90.38,2.0,36.0,HARD,1,,
HAM,Mercedes,1,97.227,1.0,1.0,MEDIUM,1,,
HAM,Mercedes,2,91.727,1.0,2.0,MEDIUM,1,,
HAM,Mercedes,3,91.526,1.0,3.0,MEDIUM,1,,
HAM,Mercedes,4,90.844,1.0,4.0,MEDIUM,1,,
HAM,Mercedes,5,90.844,1.0,5.0,MEDIUM,1,,
HAM,Mercedes,6,90.634,1.0,6.0,MEDIUM,1,,
HAM,Mercedes,7,90.899,1.0,7.0,MEDIUM,1,,
HAM,Mercedes,8,91.061,1.0,8.0,MEDIUM,1,,
HAM,Mercedes,9,91.132,1.0,9.0,MEDIUM,1,,
HAM,Mercedes,10,91.271,1.0,10.0,MEDIUM,1,,
HAM,Mercedes,11,91.378,1.0,11.0,MEDIUM,1,,
HAM,Mercedes,12,91.716,1.0,12.0,MEDIUM,1,,
HAM,Mercedes,13,91.689,1.0,13.0,MEDIUM,1,,
HAM,Mercedes,14,91.432,1.0,14.0,MEDIUM,1,,
HAM,Mercedes,15,93.651,1.0,15.0,MEDIUM,1,0 days 01:25:20.832000,
HAM,Mercedes,16,110.835,2.0,1.0,HARD,1,,0 days 01:25:43.019000
HAM,Mercedes,17,90.095,2.0,2.0,HARD,1,,
HAM,Mercedes,18,90.057,2.0,3.0,HARD,1,,
HAM,Mercedes,19,89.979,2.0,4.0,HARD,1,,
HAM,Mercedes,20,89.657,2.0,5.0,HARD,1,,
HAM,Mercedes,21,89.85,2.0,6.0,HARD,1,,
HAM,Mercedes,22,91.502,2.0,7.0,HARD,1,,
HAM,Mercedes,23,90.265,2.0,8.0,HARD,1,,
HAM,Mercedes,24,89.861,2.0,9.0,HARD,1,,
HAM,Mercedes,25,89.37,2.0,10.0,HARD,1,,
HAM,Mercedes,26,89.899,2.0,11.0,HARD,1,,
HAM,Mercedes,27,89.568,2.0,12.0,HARD,1,,
HAM,Mercedes,28,89.691,2.0,13.0,HARD,1,,
HAM,Mercedes,29,89.842,2.0,14.0,HARD,1,,
HAM,Mercedes,30,90.118,2.0,15.0,HARD,1,,
HAM,Mercedes,31,89.806,2.0,16.0,HARD,1,,
HAM,Mercedes,32,89.876,2.0,17.0,HARD,1,,
HAM,Mercedes,33,89.774,2.0,18.0,HARD,1,,
HAM,Mercedes,34,89.789,2.0,19.0,HARD,1,,
HAM,Mercedes,35,91.324,2.0,20.0,HARD,1,0 days 01:55:41.936000,
HAM,Mercedes,36,108.781,3.0,1.0,HARD,1,,0 days 01:56:03.967000
HAM,Mercedes,37,89.532,3.0,2.0,HARD,1,,
HAM,Mercedes,38,90.373,3.0,3.0,HARD,1,,
HAM,Mercedes,39,89.221,3.0,4.0,HARD,1,,
HAM,Mercedes,40,88.867,3.0,5.0,HARD,1,,
HAM,Mercedes,41,88.81,3.0,6.0,HARD,1,,
HAM,Mercedes,42,88.793,3.0,7.0,HARD,1,,
HAM,Mercedes,43,88.711,3.0,8.0,HARD,1,,
HAM,Mercedes,44,88.99,3.0,9.0,HARD,1,,
HAM,Mercedes,45,89.023,3.0,10.0,HARD,1,,
HAM,Mercedes,46,89.729,3.0,11.0,HARD,1,,
HAM,Mercedes,47,89.528,3.0,12.0,HARD,1,,
HAM,Mercedes,48,88.814,3.0,13.0,HARD,1,,
HAM,Mercedes,49,88.809,3.0,14.0,HARD,1,,
HAM,Mercedes,50,88.585,3.0,15.0,HARD,1,,
HAM,Mercedes,51,88.531,3.0,16.0,HARD,1,,
HAM,Mercedes,52,88.372,3.0,17.0,HARD,1,,
HAM,Mercedes,53,88.474,3.0,18.0,HARD,1,,
HAM,Mercedes,54,88.634,3.0,19.0,HARD,1,,
HAM,Mercedes,55,88.584,3.0,20.0,HARD,1,,
HAM,Mercedes,56,89.138,3.0,21.0,HARD,1,,
HAM,Mercedes,57,89.666,3.0,22.0,HARD,1,,
HAM,Mercedes,58,90.894,3.0,23.0,HARD,1,,
STR,Aston Martin,1,98.721,1.0,2.0,HARD,1,,
STR,Aston Martin,2,91.963,1.0,3.0,HARD,1,,
STR,Aston Martin,3,90.927,1.0,4.0,HARD,1,,
STR,Aston Martin,4,91.017,1.0,5.0,HARD,1,,
STR,Aston Martin,5,91.094,1.0,6.0,HARD,1,,
STR,Aston Martin,6,90.795,1.0,7.0,HARD,1,,
STR,Aston Martin,7,91.056,1.0,8.0,HARD,1,,
STR,Aston Martin,8,90.988,1.0,9.0,HARD,1,,
STR,Aston Martin,9,91.195,1.0,10.0,HARD,1,,
STR,Aston Martin,10,91.074,1.0,11.0,HARD,1,,
STR,Aston Martin,11,91.367,1.0,12.0,HARD,1,,
STR,Aston Martin,12,91.555,1.0,13.0,HARD,1,,
STR,Aston Martin,13,91.631,1.0,14.0,HARD,1,,
STR,Aston Martin,14,91.693,1.0,15.0,HARD,1,,
STR,Aston Martin,15,91.312,1.0,16.0,HARD,1,,
STR,Aston Martin,16,91.293,1.0,17.0,HARD,1,,
STR,Aston Martin,17,90.5,1.0,18.0,HARD,1,,
STR,Aston Martin,18,91.011,1.0,19.0,HARD,1,,
STR,Aston Martin,19,90.64,1.0,20.0,HARD,1,,
STR,Aston Martin,20,90.655,1.0,21.0,HARD,1,,
STR,Aston Martin,21,91.623,1.0,22.0,HARD,1,,
STR,Aston Martin,22,92.915,1.0,23.0,HARD,1,0 days 01:35:58.762000,
STR,Aston Martin,23,108.971,2.0,2.0,HARD,1,,0 days 01:36:20.653000
STR,Aston Martin,24,90.353,2.0,3.0,HARD,1,,
STR,Aston Martin,25,89.87,2.0,4.0,HARD,1,,
STR,Aston Martin,26,88.86,2.0,5.0,HARD,1,,
STR,Aston Martin,27,90.191,2.0,6.0,HARD,1,,
STR,Aston Martin,28,90.312,2.0,7.0,HARD,1,,
STR,Aston Martin,29,89.602,2.0,8.0,HARD,1,,
STR,Aston Martin,30,89.736,2.0,9.0,HARD,1,,
STR,Aston Martin,31,89.706,2.0,10.0,HARD,1,,
STR,Aston Martin,32,89.831,2.0,11.0,HARD,1,,
STR,Aston Martin,33,90.128,2.0,12.0,HARD,1,,
STR,Aston Martin,34,89.921,2.0,13.0,HARD,1,,
STR,Aston Martin,35,89.902,2.0,14.0,HARD,1,,
STR,Aston Martin,36,90.486,2.0,15.0,HARD,1,,
STR,Aston Martin,37,90.751,2.0,16.0,HARD,1,,
STR,Aston Martin,38,90.403,2.0,17.0,HARD,1,,
STR,Aston Martin,39,90.305,2.0,18.0,HARD,1,,
STR,Aston Martin,40,90.099,2.0,19.0,HARD,1,,
STR,Aston Martin,41,89.991,2.0,20.0,HARD,1,,
STR,Aston Martin,42,91.64,2.0,21.0,HARD,1,0 days 02:06:19.851000,
STR,Aston Martin,43,108.24,3.0,1.0,MEDIUM,1,,0 days 02:06:41.429000
STR,Aston Martin,44,88.05,3.0,2.0,MEDIUM,1,,
STR,Aston Martin,45,88.177,3.0,3.0,MEDIUM,1,,
STR,Aston Martin,46,88.239,3.0,4.0,MEDIUM,1,,
STR,Aston Martin,47,88.535,3.0,5.0,MEDIUM,1,,
STR,Aston Martin,48,88.639,3.0,6.0,MEDIUM,1,,
STR,Aston Martin,49,89.03,3.0,7.0,MEDIUM,1,,
STR,Aston Martin,50,88.81,3.0,8.0,MEDIUM,1,,
STR,Aston Martin,51,88.801,3.0,9.0,MEDIUM,1,,
STR,Aston Martin,52,88.864,3.0,10.0,MEDIUM,1,,
STR,Aston Martin,53,89.205,3.0,11.0,MEDIUM,1,,
STR,Aston Martin,54,89.301,3.0,12.0,MEDIUM,1,,
STR,Aston Martin,55,89.458,3.0,13.0,MEDIUM,1,,
STR,Aston Martin,56,89.655,3.0,14.0,MEDIUM,1,,
STR,Aston Martin,57,89.486,3.0,15.0,MEDIUM,1,,
STR,Aston Martin,58,89.683,3.0,16.0,MEDIUM,1,,
RIC,AlphaTauri,1,99.948,1.0,1.0,MEDIUM,1,,
RIC,AlphaTauri,2,92.742,1.0,2.0,MEDIUM,1,,
RIC,AlphaTauri,3,91.519,1.0,3.0,MEDIUM,1,,
RIC,AlphaTauri,4,91.284,1.0,4.0,MEDIUM,1,,
RIC,AlphaTauri,5,91.326,1.0,5.0,MEDIUM,1,,
RIC,AlphaTauri,6,91.064,1.0,6.0,MEDIUM,1,,
RIC,AlphaTauri,7,93.072,1.0,7.0,MEDIUM,1,0 days 01:13:14.715000,
RIC,AlphaTauri,8,110.258,2.0,1.0,HARD,1,,0 days 01:13:36.418000
RIC,AlphaTauri,9,89.815,2.0,2.0,HARD,1,,
RIC,AlphaTauri,10,90.238,2.0,3.0,HARD,1,,
RIC,AlphaTauri,11,90.43,2.0,4.0,HARD,1,,
RIC,AlphaTauri,12,90.078,2.0,5.0,HARD,1,,
RIC,AlphaTauri,13,90.271,2.0,6.0,HARD,1,,
RIC,AlphaTauri,14,90.424,2.0,7.0,HARD,1,,
RIC,AlphaTauri,15,90.475,2.0,8.0,HARD,1,,
RIC,AlphaTauri,16,90.482,2.0,9.0,HARD,1,,
RIC,AlphaTauri,17,90.391,2.0,10.0,HARD,1,,
RIC,AlphaTauri,18,90.697,2.0,11.0,HARD,1,,
RIC,AlphaTauri,19,90.418,2.0,12.0,HARD,1,,
RIC,AlphaTauri,20,91.085,2.0,13.0,HARD,1,,
RIC,AlphaTauri,21,90.686,2.0,14.0,HARD,1,,
RIC,AlphaTauri,22,90.883,2.0,15.0,HARD,1,,
RIC,AlphaTauri,23,90.476,2.0,16.0,HARD,1,,
RIC,AlphaTauri,24,90.295,2.0,17.0,HARD,1,,
RIC,AlphaTauri,25,91.132,2.0,18.0,HARD,1,,
RIC,AlphaTauri,26,91.949,2.0,19.0,HARD,1,,
RIC,AlphaTauri,27,90.737,2.0,20.0,HARD,1,,
RIC,AlphaTauri,28,90.697,2.0,21.0,HARD,1,,
RIC,AlphaTauri,29,91.307,2.0,22.0,HARD,1,,
RIC,AlphaTauri,30,90.678,2.0,23.0,HARD,1,,
RIC,AlphaTauri,31,92.484,2.0,24.0,HARD,1,0 days 01:49:51.049000,
RIC,AlphaTauri,32,110.058,3.0,1.0,HARD,1,,0 days 01:50:12.831000
RIC,AlphaTauri,33,89.349,3.0,2.0,HARD,1,,
RIC,AlphaTauri,34,89.584,3.0,3.0,HARD,1,,
RIC,AlphaTauri,35,89.814,3.0,4.0,HARD,1,,
RIC,AlphaTauri,36,90.531,3.0,5.0,HARD,1,,
RIC,AlphaTauri,37,91.968,3.0,6.0,HARD,1,,
RIC,AlphaTauri,38,91.008,3.0,7.0,HARD,1,,
RIC,AlphaTauri,39,90.068,3.0,8.0,HARD,1,,
RIC,AlphaTauri,40,88.841,3.0,9.0,HARD,1,,
RIC,AlphaTauri,41,88.838,3.0,10.0,HARD,1,,
RIC,AlphaTauri,42,88.581,3.0,11.0,HARD,1,,
RIC,AlphaTauri,43,90.055,3.0,12.0,HARD,1,,
RIC,AlphaTauri,44,88.818,3.0,13.0,HARD,1,,
RIC,AlphaTauri,45,88.705,3.0,14.0,HARD,1,,
RIC,AlphaTauri,46,88.708,3.0,15.0,HARD,1,,
RIC,AlphaTauri,47,88.571,3.0,16.0,HARD,1,,
RIC,AlphaTauri,48,88.702,3.0,17.0,HARD,1,,
RIC,AlphaTauri,49,88.791,3.0,18.0,HARD,1,,
RIC,AlphaTauri,50,89.065,3.0,19.0,HARD,1,,
RIC,AlphaTauri,51,89.332,3.0,20.0,HARD,1,,
RIC,AlphaTauri,52,88.743,3.0,21.0,HARD,1,,
RIC,AlphaTauri,53,88.742,3.0,22.0,HARD,1,,
RIC,AlphaTauri,54,88.76,3.0,23.0,HARD,1,,
RIC,AlphaTauri,55,88.871,3.0,24.0,HARD,1,,
RIC,AlphaTauri,56,88.929,3.0,25.0,HARD,1,,
RIC,AlphaTauri,57,89.06,3.0,26.0,HARD,1,,
RIC,AlphaTauri,58,89.02,3.0,27.0,HARD,1,,
OCO,Alpine,1,98.197,1.0,1.0,MEDIUM,1,,
OCO,Alpine,2,91.81,1.0,2.0,MEDIUM,1,,
OCO,Alpine,3,91.033,1.0,3.0,MEDIUM,1,,
OCO,Alpine,4,90.988,1.0,4.0,MEDIUM,1,,
OCO,Alpine,5,90.994,1.0,5.0,MEDIUM,1,,
OCO,Alpine,6,90.689,1.0,6.0,MEDIUM,1,,
OCO,Alpine,7,90.932,1.0,7.0,MEDIUM,1,,
OCO,Alpine,8,90.997,1.0,8.0,MEDIUM,1,,
OCO,Alpine,9,91.073,1.0,9.0,MEDIUM,1,,
OCO,Alpine,10,91.254,1.0,10.0,MEDIUM,1,,
OCO,Alpine,11,91.422,1.0,11.0,MEDIUM,1,,
OCO,Alpine,12,91.527,1.0,12.0,MEDIUM,1,,
OCO,Alpine,13,91.77,1.0,13.0,MEDIUM,1,,
OCO,Alpine,14,91.647,1.0,14.0,MEDIUM,1,,
OCO,Alpine,15,93.667,1.0,15.0,MEDIUM,1,0 days 01:25:21.816000,
OCO,Alpine,16,110.615,2.0,1.0,HARD,1,,0 days 01:25:43.863000
OCO,Alpine,17,90.134,2.0,2.0,HARD,1,,
OCO,Alpine,18,90.276,2.0,3.0,HARD,1,,
OCO,Alpine,19,90.132,2.0,4.0,HARD,1,,
OCO,Alpine,20,90.128,2.0,5.0,HARD,1,,
OCO,Alpine,21,90.246,2.0,6.0,HARD,1,,
OCO,Alpine,22,90.756,2.0,7.0,HARD,1,,
OCO,Alpine,23,91.726,2.0,8.0,HARD,1,,
OCO,Alpine,24,90.791,2.0,9.0,HARD,1,,
OCO,Alpine,25,90.338,2.0,10.0,HARD,1,,
OCO,Alpine,26,90.993,2.0,11.0,HARD,1,,
OCO,Alpine,27,90.578,2.0,12.0,HARD,1,,
OCO,Alpine,28,90.322,2.0,13.0,HARD,1,,
OCO,Alpine,29,90.504,2.0,14.0,HARD,1,,
OCO,Alpine,30,90.514,2.0,15.0,HARD,1,,
OCO,Alpine,31,90.319,2.0,16.0,HARD,1,,
OCO,Alpine,32,90.243,2.0,17.0,HARD,1,,
OCO,Alpine,33,90.244,2.0,18.0,HARD,1,,
OCO,Alpine,34,90.033,2.0,19.0,HARD,1,,
OCO,Alpine,35,90.474,2.0,20.0,HARD,1,,
OCO,Alpine,36,90.622,2.0,21.0,HARD,1,,
OCO,Alpine,37,90.307,2.0,22.0,HARD,1,,
OCO,Alpine,38,90.138,2.0,23.0,HARD,1,,
OCO,Alpine,39,92.095,2.0,24.0,HARD,1,,
OCO,Alpine,40,90.447,2.0,25.0,HARD,1,,
OCO,Alpine,41,90.252,2.0,26.0,HARD,1,,
OCO,Alpine,42,90.742,2.0,27.0,HARD,1,,
OCO,Alpine,43,91.081,2.0,28.0,HARD,1,,
OCO,Alpine,44,90.431,2.0,29.0,HARD,1,,
OCO,Alpine,45,90.163,2.0,30.0,HARD,1,,
OCO,Alpine,46,90.113,2.0,31.0,HARD,1,,
OCO,Alpine,47,90.177,2.0,32.0,HARD,1,,
OCO,Alpine,48,90.359,2.0,33.0,HARD,1,,
OCO,Alpine,49,90.258,2.0,34.0,HARD,1,,
OCO,Alpine,50,90.986,2.0,35.0,HARD,1,,
OCO,Alpine,51,90.31,2.0,36.0,HARD,1,,
OCO,Alpine,52,90.984,2.0,37.0,HARD,1,,
OCO,Alpine,53,90.283,2.0,38.0,HARD,1,,
OCO,Alpine,54,90.272,2.0,39.0,HARD,1,,
OCO,Alpine,55,90.287,2.0,40.0,HARD,1,,
OCO,Alpine,56,90.208,2.0,41.0,HARD,1,,
OCO,Alpine,57,90.477,2.0,42.0,HARD,1,,
OCO,Alpine,58,90.639,2.0,43.0,HARD,1,,
GAS,Alpine,1,96.636,1.0,1.0,MEDIUM,1,,
GAS,Alpine,2,91.774,1.0,2.0,MEDIUM,1,,
GAS,Alpine,3,90.824,1.0,3.0,MEDIUM,1,,
GAS,Alpine,4,90.758,1.0,4.0,MEDIUM,1,,
GAS,Alpine,5,90.764,1.0,5.0,MEDIUM,1,,
GAS,Alpine,6,90.886,1.0,6.0,MEDIUM,1,,
GAS,Alpine,7,90.787,1.0,7.0,MEDIUM,1,,
GAS,Alpine,8,90.944,1.0,8.0,MEDIUM,1,,
GAS,Alpine,9,91.305,1.0,9.0,MEDIUM,1,,
GAS,Alpine,10,91.136,1.0,10.0,MEDIUM,1,,
GAS,Alpine,11,91.467,1.0,11.0,MEDIUM,1,,
GAS,Alpine,12,92.492,1.0,12.0,MEDIUM,1,,
GAS,Alpine,13,91.532,1.0,13.0,MEDIUM,1,,
GAS,Alpine,14,91.457,1.0,14.0,MEDIUM,1,,
GAS,Alpine,15,91.986,1.0,15.0,MEDIUM,1,,
GAS,Alpine,16,92.273,1.0,16.0,MEDIUM,1,,
GAS,Alpine,17,94.709,1.0,17.0,MEDIUM,1,0 days 01:28:25.470000,
GAS,Alpine,18,111.405,2.0,1.0,HARD,1,,0 days 01:28:48.501000
GAS,Alpine,19,90.0,2.0,2.0,HARD,1,,
GAS,Alpine,20,90.242,2.0,3.0,HARD,1,,
GAS,Alpine,21,90.422,2.0,4.0,HARD,1,,
GAS,Alpine,22,90.179,2.0,5.0,HARD,1,,
GAS,Alpine,23,91.158,2.0,6.0,HARD,1,,
GAS,Alpine,24,90.802,2.0,7.0,HARD,1,,
GAS,Alpine,25,90.852,2.0,8.0,HARD,1,,
GAS,Alpine,26,90.629,2.0,9.0,HARD,1,,
GAS,Alpine,27,90.404,2.0,10.0,HARD,1,,
GAS,Alpine,28,90.496,2.0,11.0,HARD,1,,
GAS,Alpine,29,90.329,2.0,12.0,HARD,1,,
GAS,Alpine,30,90.392,2.0,13.0,HARD,1,,
GAS,Alpine,31,90.239,2.0,14.0,HARD,1,,
GAS,Alpine,32,92.563,2.0,15.0,HARD,1,0 days 01:51:25.611000,
GAS,Alpine,33,111.301,3.0,1.0,HARD,1,,0 days 01:51:49.064000
GAS,Alpine,34,89.151,3.0,2.0,HARD,1,,
GAS,Alpine,35,89.016,3.0,3.0,HARD,1,,
GAS,Alpine,36,89.351,3.0,4.0,HARD,1,,
GAS,Alpine,37,90.01,3.0,5.0,HARD,1,,
GAS,Alpine,38,90.098,3.0,6.0,HARD,1,,
GAS,Alpine,39,90.797,3.0,7.0,HARD,1,,
GAS,Alpine,40,89.859,3.0,8.0,HARD,1,,
GAS,Alpine,41,89.621,3.0,9.0,HARD,1,,
GAS,Alpine,42,89.231,3.0,10.0,HARD,1,,
GAS,Alpine,43,89.717,3.0,11.0,HARD,1,,
GAS,Alpine,44,89.77,3.0,12.0,HARD,1,,
GAS,Alpine,45,89.503,3.0,13.0,HARD,1,,
GAS,Alpine,46,89.428,3.0,14.0,HARD,1,,
GAS,Alpine,47,89.726,3.0,15.0,HARD,1,,
GAS,Alpine,48,89.505,3.0,16.0,HARD,1,,
GAS,Alpine,49,89.518,3.0,17.0,HARD,1,,
GAS,Alpine,50,89.549,3.0,18.0,HARD,1,,
GAS,Alpine,51,89.445,3.0,19.0,HARD,1,,
GAS,Alpine,52,89.587,3.0,20.0,HARD,1,,
GAS,Alpine,53,89.532,3.0,21.0,HARD,1,,
GAS,Alpine,54,89.435,3.0,22.0,HARD,1,,
GAS,Alpine,55,89.307,3.0,23.0,HARD,1,,
GAS,Alpine,56,89.496,3.0,24.0,HARD,1,,
GAS,Alpine,57,89.642,3.0,25.0,HARD,1,,
GAS,Alpine,58,89.547,3.0,26.0,HARD,1,,
ALB,Williams,1,100.625,1.0,2.0,MEDIUM,1,,
ALB,Williams,2,93.56,1.0,3.0,MEDIUM,1,,
ALB,Williams,3,91.768,1.0,4.0,MEDIUM,1,,
ALB,Williams,4,91.591,1.0,5.0,MEDIUM,1,,
ALB,Williams,5,91.422,1.0,6.0,MEDIUM,1,,
ALB,Williams,6,91.491,1.0,7.0,MEDIUM,1,,
ALB,Williams,7,91.438,1.0,8.0,MEDIUM,1,,
ALB,Williams,8,91.58,1.0,9.0,MEDIUM,1,,
ALB,Williams,9,91.644,1.0,10.0,MEDIUM,1,,
ALB,Williams,10,91.978,1.0,11.0,MEDIUM,1,,
ALB,Williams,11,91.962,1.0,12.0,MEDIUM,1,,
ALB,Williams,12,91.958,1.0,13.0,MEDIUM,1,,
ALB,Williams,13,91.7,1.0,14.0,MEDIUM,1,,
ALB,Williams,14,91.655,1.0,15.0,MEDIUM,1,,
ALB,Williams,15,91.729,1.0,16.0,MEDIUM,1,,
ALB,Williams,16,94.282,1.0,17.0,MEDIUM,1,0 days 01:27:04.174000,
ALB,Williams,17,111.901,2.0,1.0,HARD,1,,0 days 01:27:26.424000
ALB,Williams,18,90.463,2.0,2.0,HARD,1,,
ALB,Williams,19,90.573,2.0,3.0,HARD,1,,
ALB,Williams,20,90.392,2.0,4.0,HARD,1,,
ALB,Williams,21,90.54,2.0,5.0,HARD,1,,
ALB,Williams,22,90.706,2.0,6.0,HARD,1,,
ALB,Williams,23,90.272,2.0,7.0,HARD,1,,
ALB,Williams,24,90.511,2.0,8.0,HARD,1,,
ALB,Williams,25,90.655,2.0,9.0,HARD,1,,
ALB,Williams,26,90.092,2.0,10.0,HARD,1,,
ALB,Williams,27,90.728,2.0,11.0,HARD,1,,
ALB,Williams,28,90.631,2.0,12.0,HARD,1,,
ALB,Williams,29,90.588,2.0,13.0,HARD,1,,
ALB,Williams,30,90.591,2.0,14.0,HARD,1,,
ALB,Williams,31,90.555,2.0,15.0,HARD,1,,
ALB,Williams,32,90.35,2.0,16.0,HARD,1,,
ALB,Williams,33,90.447,2.0,17.0,HARD,1,,
ALB,Williams,34,90.026,2.0,18.0,HARD,1,,
ALB,Williams,35,89.987,2.0,19.0,HARD,1,,
ALB,Williams,36,90.341,2.0,20.0,HARD,1,,
ALB,Williams,37,90.413,2.0,21.0,HARD,1,,
ALB,Williams,38,90.238,2.0,22.0,HARD,1,,
ALB,Williams,39,90.497,2.0,23.0,HARD,1,,
ALB,Williams,40,90.331,2.0,24.0,HARD,1,,
ALB,Williams,41,90.31,2.0,25.0,HARD,1,,
ALB,Williams,42,90.355,2.0,26.0,HARD,1,,
ALB,Williams,43,92.175,2.0,27.0,HARD,1,0 days 02:08:08.912000,
ALB,Williams,44,109.385,3.0,1.0,HARD,1,,0 days 02:08:30.849000
ALB,Williams,45,87.845,3.0,2.0,HARD,1,,
ALB,Williams,46,88.694,3.0,3.0,HARD,1,,
ALB,Williams,47,88.74,3.0,4.0,HARD,1,,
ALB,Williams,48,88.92,3.0,5.0,HARD,1,,
ALB,Williams,49,88.761,3.0,6.0,HARD,1,,
ALB,Williams,50,89.011,3.0,7.0,HARD,1,,
ALB,Williams,51,88.675,3.0,8.0,HARD,1,,
ALB,Williams,52,88.402,3.0,9.0,HARD,1,,
ALB,Williams,53,88.608,3.0,10.0,HARD,1,,
ALB,Williams,54,88.812,3.0,11.0,HARD,1,,
ALB,Williams,55,88.742,3.0,12.0,HARD,1,,
ALB,Williams,56,88.743,3.0,13.0,HARD,1,,
ALB,Williams,57,88.749,3.0,14.0,HARD,1,,
ALB,Williams,58,88.67,3.0,15.0,HARD,1,,
HUL,Haas F1 Team,1,99.291,1.0,1.0,MEDIUM,1,,
HUL,Haas F1 Team,2,92.921,1.0,2.0,MEDIUM,1,,
HUL,Haas F1 Team,3,91.351,1.0,3.0,MEDIUM,1,,
HUL,Haas F1 Team,4,91.374,1.0,4.0,MEDIUM,1,,
HUL,Haas F1 Team,5,91.227,1.0,5.0,MEDIUM,1,,
HUL,Haas F1 Team,6,91.101,1.0,6.0,MEDIUM,1,,
HUL,Haas F1 Team,7,91.332,1.0,7.0,MEDIUM,1,,
HUL,Haas F1 Team,8,91.5,1.0,8.0,MEDIUM,1,,
HUL,Haas F1 Team,9,91.545,1.0,9.0,MEDIUM,1,,
HUL,Haas F1 Team,10,91.583,1.0,10.0,MEDIUM,1,,
HUL,Haas F1 Team,11,92.002,1.0,11.0,MEDIUM,1,,
HUL,Haas F1 Team,12,91.827,1.0,12.0,MEDIUM,1,,
HUL,Haas F1 Team,13,93.719,1.0,13.0,MEDIUM,1,0 days 01:22:24.459000,
HUL,Haas F1 Team,14,110.743,2.0,1.0,HARD,1,,0 days 01:22:46.365000
HUL,Haas F1 Team,15,90.133,2.0,2.0,HARD,1,,
HUL,Haas F1 Team,16,90.574,2.0,3.0,HARD,1,,
HUL,Haas F1 Team,17,90.356,2.0,4.0,HARD,1,,
HUL,Haas F1 Team,18,91.635,2.0,5.0,HARD,1,,
HUL,Haas F1 Team,19,90.335,2.0,6.0,HARD,1,,
HUL,Haas F1 Team,20,90.436,2.0,7.0,HARD,1,,
HUL,Haas F1 Team,21,90.636,2.0,8.0,HARD,1,,
HUL,Haas F1 Team,22,90.451,2.0,9.0,HARD,1,,
HUL,Haas F1 Team,23,91.02,2.0,10.0,HARD,1,,
HUL,Haas F1 Team,24,91.104,2.0,11.0,HARD,1,,
HUL,Haas F1 Team,25,90.868,2.0,12.0,HARD,1,,
HUL,Haas F1 Team,26,91.444,2.0,13.0,HARD,1,,
HUL,Haas F1 Team,27,92.085,2.0,14.0,HARD,1,,
HUL,Haas F1 Team,28,91.58,2.0,15.0,HARD,1,,
HUL,Haas F1 Team,29,91.768,2.0,16.0,HARD,1,,
HUL,Haas F1 Team,30,90.667,2.0,17.0,HARD,1,,
HUL,Haas F1 Team,31,90.593,2.0,18.0,HARD,1,,
HUL,Haas F1 Team,32,90.845,2.0,19.0,HARD,1,,
HUL,Haas F1 Team,33,92.455,2.0,20.0,HARD,1,0 days 01:53:04.250000,
HUL,Haas F1 Team,34,110.198,3.0,1.0,HARD,1,,0 days 01:53:26.375000
HUL,Haas F1 Team,35,90.498,3.0,2.0,HARD,1,,
HUL,Haas F1 Team,36,89.691,3.0,3.0,HARD,1,,
HUL,Haas F1 Team,37,89.747,3.0,4.0,HARD,1,,
HUL,Haas F1 Team,38,89.462,3.0,5.0,HARD,1,,
HUL,Haas F1 Team,39,90.091,3.0,6.0,HARD,1,,
HUL,Haas F1 Team,40,90.121,3.0,7.0,HARD,1,,
HUL,Haas F1 Team,41,89.893,3.0,8.0,HARD,1,,
HUL,Haas F1 Team,42,89.396,3.0,9.0,HARD,1,,
HUL,Haas F1 Team,43,89.485,3.0,10.0,HARD,1,,
HUL,Haas F1 Team,44,89.542,3.0,11.0,HARD,1,,
HUL,Haas F1 Team,45,89.5,3.0,12.0,HARD,1,,
HUL,Haas F1 Team,46,89.456,3.0,13.0,HARD,1,,
HUL,Haas F1 Team,47,90.035,3.0,14.0,HARD,1,,
HUL,Haas F1 Team,48,90.121,3.0,15.0,HARD,1,,
HUL,Haas F1 Team,49,90.705,3.0,16.0,HARD,1,,
HUL,Haas F1 Team,50,90.2,3.0,17.0,HARD,1,,
HUL,Haas F1 Team,51,90.079,3.0,18.0,HARD,1,,
HUL,Haas F1 Team,52,90.105,3.0,19.0,HARD,1,,
HUL,Haas F1 Team,53,90.09,3.0,20.0,HARD,1,,
HUL,Haas F1 Team,54,89.667,3.0,21.0,HARD,1,,
HUL,Haas F1 Team,55,89.576,3.0,22.0,HARD,1,,
HUL,Haas F1 Team,56,89.507,3.0,23.0,HARD,1,,
HUL,Haas F1 Team,57,89.437,3.0,24.0,HARD,1,,
HUL,Haas F1 Team,58,89.217,3.0,25.0,HARD,1,,
SAR,Williams,1,102.022,1.0,2.0,MEDIUM,1,,
SAR,Williams,2,93.582,1.0,3.0,MEDIUM,1,,
SAR,Williams,3,91.4,1.0,4.0,MEDIUM,1,,
SAR,Williams,4,91.487,1.0,5.0,MEDIUM,1,,
SAR,Williams,5,92.275,1.0,6.0,MEDIUM,1,,
SAR,Williams,6,91.712,1.0,7.0,MEDIUM,1,,
SAR,Williams,7,91.157,1.0,8.0,MEDIUM,1,,
SAR,Williams,8,91.542,1.0,9.0,MEDIUM,1,,
SAR,Williams,9,91.408,1.0,10.0,MEDIUM,1,,
SAR,Williams,10,92.038,1.0,11.0,MEDIUM,1,,
SAR,Williams,11,91.882,1.0,12.0,MEDIUM,1,,
SAR,Williams,12,91.889,1.0,13.0,MEDIUM,1,,
SAR,Williams,13,92.05,1.0,14.0,MEDIUM,1,,
SAR,Williams,14,91.825,1.0,15.0,MEDIUM,1,,
SAR,Williams,15,94.856,1.0,16.0,MEDIUM,1,0 days 01:25:34.926000,
SAR,Williams,16,111.904,2.0,1.0,HARD,1,,0 days 01:25:57.081000
SAR,Williams,17,90.404,2.0,2.0,HARD,1,,
SAR,Williams,18,91.295,2.0,3.0,HARD,1,,
SAR,Williams,19,90.368,2.0,4.0,HARD,1,,
SAR,Williams,20,90.406,2.0,5.0,HARD,1,,
SAR,Williams,21,90.281,2.0,6.0,HARD,1,,
SAR,Williams,22,90.434,2.0,7.0,HARD,1,,
SAR,Williams,23,90.837,2.0,8.0,HARD,1,,
SAR,Williams,24,90.609,2.0,9.0,HARD,1,,
SAR,Williams,25,90.53,2.0,10.0,HARD,1,,
SAR,Williams,26,90.608,2.0,11.0,HARD,1,,
SAR,Williams,27,90.465,2.0,12.0,HARD,1,,
SAR,Williams,28,90.987,2.0,13.0,HARD,1,,
SAR,Williams,29,90.693,2.0,14.0,HARD,1,,
SAR,Williams,30,90.642,2.0,15.0,HARD,1,,
SAR,Williams,31,90.647,2.0,16.0,HARD,1,,
SAR,Williams,32,91.13,2.0,17.0,HARD,1,,
SAR,Williams,33,90.878,2.0,18.0,HARD,1,,
SAR,Williams,34,90.769,2.0,19.0,HARD,1,,
SAR,Williams,35,90.545,2.0,20.0,HARD,1,,
SAR,Williams,36,90.74,2.0,21.0,HARD,1,,
SAR,Williams,37,91.78,2.0,22.0,HARD,1,,
SAR,Williams,38,91.231,2.0,23.0,HARD,1,,
SAR,Williams,39,91.989,2.0,24.0,HARD,1,,
SAR,Williams,40,91.754,2.0,25.0,HARD,1,,
SAR,Williams,41,92.696,2.0,26.0,HARD,1,0 days 02:05:19.430000,
SAR,Williams,42,110.027,3.0,1.0,HARD,1,,0 days 02:05:41.351000
SAR,Williams,43,88.58,3.0,2.0,HARD,1,,
SAR,Williams,44,88.645,3.0,3.0,HARD,1,,
SAR,Williams,45,88.791,3.0,4.0,HARD,1,,
SAR,Williams,46,88.918,3.0,5.0,HARD,1,,
SAR,Williams,47,89.458,3.0,6.0,HARD,1,,
SAR,Williams,48,89.931,3.0,7.0,HARD,1,,
SAR,Williams,49,88.896,3.0,8.0,HARD,1,,
SAR,Williams,50,88.98,3.0,9.0,HARD,1,,
SAR,Williams,51,88.837,3.0,10.0,HARD,1,,
SAR,Williams,52,88.64,3.0,11.0,HARD,1,,
SAR,Williams,53,88.943,3.0,12.0,HARD,1,,
SAR,Williams,54,88.923,3.0,13.0,HARD,1,,
SAR,Williams,55,89.025,3.0,14.0,HARD,1,,
SAR,Williams,56,89.43,3.0,15.0,HARD,1,,
SAR,Williams,57,89.265,3.0,16.0,HARD,1,,
SAR,Williams,58,89.379,3.0,17.0,HARD,1,,
ZHO,Alfa Romeo,1,100.96,1.0,1.0,MEDIUM,1,,
ZHO,Alfa Romeo,2,92.533,1.0,2.0,MEDIUM,1,,
ZHO,Alfa Romeo,3,91.817,1.0,3.0,MEDIUM,1,,
ZHO,Alfa Romeo,4,91.303,1.0,4.0,MEDIUM,1,,
ZHO,Alfa Romeo,5,91.44,1.0,5.0,MEDIUM,1,,
ZHO,Alfa Romeo,6,91.331,1.0,6.0,MEDIUM,1,,
ZHO,Alfa Romeo,7,91.227,1.0,7.0,MEDIUM,1,,
ZHO,Alfa Romeo,8,91.318,1.0,8.0,MEDIUM,1,,
ZHO,Alfa Romeo,9,91.662,1.0,9.0,MEDIUM,1,,
ZHO,Alfa Romeo,10,91.936,1.0,10.0,MEDIUM,1,,
ZHO,Alfa Romeo,11,91.845,1.0,11.0,MEDIUM,1,,
ZHO,Alfa Romeo,12,92.298,1.0,12.0,MEDIUM,1,,
ZHO,Alfa Romeo,13,93.899,1.0,13.0,MEDIUM,1,0 days 01:22:27.381000,
ZHO,Alfa Romeo,14,112.402,2.0,1.0,HARD,1,,0 days 01:22:50.255000
ZHO,Alfa Romeo,15,90.762,2.0,2.0,HARD,1,,
ZHO,Alfa Romeo,16,90.842,2.0,3.0,HARD,1,,
ZHO,Alfa Romeo,17,90.892,2.0,4.0,HARD,1,,
ZHO,Alfa Romeo,18,90.973,2.0,5.0,HARD,1,,
ZHO,Alfa Romeo,19,91.083,2.0,6.0,HARD,1,,
ZHO,Alfa Romeo,20,91.099,2.0,7.0,HARD,1,,
ZHO,Alfa Romeo,21,91.055,2.0,8.0,HARD,1,,
ZHO,Alfa Romeo,22,90.353,2.0,9.0,HARD,1,,
ZHO,Alfa Romeo,23,90.707,2.0,10.0,HARD,1,,
ZHO,Alfa Romeo,24,90.957,2.0,11.0,HARD,1,,
ZHO,Alfa Romeo,25,90.695,2.0,12.0,HARD,1,,
ZHO,Alfa Romeo,26,91.879,2.0,13.0,HARD,1,,
ZHO,Alfa Romeo,27,90.619,2.0,14.0,HARD,1,,
ZHO,Alfa Romeo,28,90.782,2.0,15.0,HARD,1,,
ZHO,Alfa Romeo,29,90.608,2.0,16.0,HARD,1,,
ZHO,Alfa Romeo,30,91.054,2.0,17.0,HARD,1,,
ZHO,Alfa Romeo,31,90.935,2.0,18.0,HARD,1,,
ZHO,Alfa Romeo,32,90.874,2.0,19.0,HARD,1,,
ZHO,Alfa Romeo,33,90.844,2.0,20.0,HARD,1,,
ZHO,Alfa Romeo,34,90.941,2.0,21.0,HARD,1,,
ZHO,Alfa Romeo,35,90.594,2.0,22.0,HARD,1,,
ZHO,Alfa Romeo,36,90.67,2.0,23.0,HARD,1,,
ZHO,Alfa Romeo,37,92.936,2.0,24.0,HARD,1,0 days 01:59:11.949000,
ZHO,Alfa Romeo,38,110.896,3.0,1.0,MEDIUM,1,,0 days 01:59:34.262000
ZHO,Alfa Romeo,39,88.951,3.0,2.0,MEDIUM,1,,
ZHO,Alfa Romeo,40,89.081,3.0,3.0,MEDIUM,1,,
ZHO,Alfa Romeo,41,89.402,3.0,4.0,MEDIUM,1,,
ZHO,Alfa Romeo,42,88.972,3.0,5.0,MEDIUM,1,,
ZHO,Alfa Romeo,43,88.746,3.0,6.0,MEDIUM,1,,
ZHO,Alfa Romeo,44,89.083,3.0,7.0,MEDIUM,1,,
ZHO,Alfa Romeo,45,89.89,3.0,8.0,MEDIUM,1,,
ZHO,Alfa Romeo,46,89.324,3.0,9.0,MEDIUM,1,,
ZHO,Alfa Romeo,47,89.409,3.0,10.0,MEDIUM,1,,
ZHO,Alfa Romeo,48,89.383,3.0,11.0,MEDIUM,1,,
ZHO,Alfa Romeo,49,89.766,3.0,12.0,MEDIUM,1,,
ZHO,Alfa Romeo,50,89.704,3.0,13.0,MEDIUM,1,,
ZHO,Alfa Romeo,51,89.702,3.0,14.0,MEDIUM,1,,
ZHO,Alfa Romeo,52,89.608,3.0,15.0,MEDIUM,1,,
ZHO,Alfa Romeo,53,89.781,3.0,16.0,MEDIUM,1,,
ZHO,Alfa Romeo,54,90.289,3.0,17.0,MEDIUM,1,,
ZHO,Alfa Romeo,55,90.416,3.0,18.0,MEDIUM,1,,
ZHO,Alfa Romeo,56,90.2,3.0,19.0,MEDIUM,1,,
ZHO,Alfa Romeo,57,90.991,3.0,20.0,MEDIUM,1,,
ZHO,Alfa Romeo,58,90.327,3.0,21.0,MEDIUM,1,,
SAI,Ferrari,1,99.674,1.0,1.0,HARD,1,,
SAI,Ferrari,2,91.98,1.0,2.0,HARD,1,,
SAI,Ferrari,3,91.308,1.0,3.0,HARD,1,,
SAI,Ferrari,4,91.099,1.0,4.0,HARD,1,,
SAI,Ferrari,5,91.158,1.0,5.0,HARD,1,,
SAI,Ferrari,6,91.175,1.0,6.0,HARD,1,,
SAI,Ferrari,7,91.301,1.0,7.0,HARD,1,,
SAI,Ferrari,8,91.263,1.0,8.0,HARD,1,,
SAI,Ferrari,9,90.965,1.0,9.0,HARD,1,,
SAI,Ferrari,10,91.305,1.0,10.0,HARD,1,,
SAI,Ferrari,11,91.085,1.0,11.0,HARD,1,,
SAI,Ferrari,12,91.278,1.0,12.0,HARD,1,,
SAI,Ferrari,13,91.385,1.0,13.0,HARD,1,,
SAI,Ferrari,14,91.416,1.0,14.0,HARD,1,,
SAI,Ferrari,15,91.619,1.0,15.0,HARD,1,,
SAI,Ferrari,16,91.197,1.0,16.0,HARD,1,,
SAI,Ferrari,17,91.621,1.0,17.0,HARD,1,,
SAI,Ferrari,18,90.96,1.0,18.0,HARD,1,,
SAI,Ferrari,19,91.551,1.0,19.0,HARD,1,,
SAI,Ferrari,20,90.933,1.0,20.0,HARD,1,,
SAI,Ferrari,21,92.184,1.0,21.0,HARD,1,,
SAI,Ferrari,22,92.071,1.0,22.0,HARD,1,,
SAI,Ferrari,23,93.587,1.0,23.0,HARD,1,0 days 01:37:35.917000,
SAI,Ferrari,24,109.257,2.0,1.0,HARD,1,,0 days 01:37:57.136000
SAI,Ferrari,25,90.188,2.0,2.0,HARD,1,,
SAI,Ferrari,26,90.007,2.0,3.0,HARD,1,,
SAI,Ferrari,27,89.841,2.0,4.0,HARD,1,,
SAI,Ferrari,28,89.977,2.0,5.0,HARD,1,,
SAI,Ferrari,29,89.64,2.0,6.0,HARD,1,,
SAI,Ferrari,30,89.7,2.0,7.0,HARD,1,,
SAI,Ferrari,31,89.764,2.0,8.0,HARD,1,,
SAI,Ferrari,32,89.897,2.0,9.0,HARD,1,,
SAI,Ferrari,33,89.76,2.0,10.0,HARD,1,,
SAI,Ferrari,34,89.674,2.0,11.0,HARD,1,,
SAI,Ferrari,35,89.494,2.0,12.0,HARD,1,,
SAI,Ferrari,36,90.228,2.0,13.0,HARD,1,,
SAI,Ferrari,37,89.807,2.0,14.0,HARD,1,,
SAI,Ferrari,38,89.746,2.0,15.0,HARD,1,,
SAI,Ferrari,39,90.581,2.0,16.0,HARD,1,,
SAI,Ferrari,40,89.635,2.0,17.0,HARD,1,,
SAI,Ferrari,41,89.495,2.0,18.0,HARD,1,,
SAI,Ferrari,42,89.452,2.0,19.0,HARD,1,,
SAI,Ferrari,43,89.612,2.0,20.0,HARD,1,,
SAI,Ferrari,44,89.809,2.0,21.0,HARD,1,,
SAI,Ferrari,45,90.132,2.0,22.0,HARD,1,,
SAI,Ferrari,46,90.712,2.0,23.0,HARD,1,,
SAI,Ferrari,47,91.102,2.0,24.0,HARD,1,,
SAI,Ferrari,48,90.565,2.0,25.0,HARD,1,,
SAI,Ferrari,49,90.033,2.0,26.0,HARD,1,,
SAI,Ferrari,50,89.873,2.0,27.0,HARD,1,,
SAI,Ferrari,51,89.718,2.0,28.0,HARD,1,,
SAI,Ferrari,52,89.645,2.0,29.0,HARD,1,,
SAI,Ferrari,53,89.775,2.0,30.0,HARD,1,,
SAI,Ferrari,54,89.734,2.0,31.0,HARD,1,,
SAI,Ferrari,55,89.654,2.0,32.0,HARD,1,,
SAI,Ferrari,56,91.454,2.0,33.0,HARD,1,0 days 02:27:23.852000,
SAI,Ferrari,57,110.847,3.0,1.0,SOFT,1,0 days 02:29:14.600000,0 days 02:27:45.461000
BOT,Alfa Romeo,1,100.3,1.0,1.0,HARD,1,,
BOT,Alfa Romeo,2,92.77,1.0,2.0,HARD,1,,
BOT,Alfa Romeo,3,91.698,1.0,3.0,HARD,1,,
BOT,Alfa Romeo,4,91.281,1.0,4.0,HARD,1,,
BOT,Alfa Romeo,5,91.445,1.0,5.0,HARD,1,,
BOT,Alfa Romeo,6,91.122,1.0,6.0,HARD,1,,
BOT,Alfa Romeo,7,91.189,1.0,7.0,HARD,1,,
BOT,Alfa Romeo,8,91.206,1.0,8.0,HARD,1,,
BOT,Alfa Romeo,9,91.716,1.0,9.0,HARD,1,,
BOT,Alfa Romeo,10,91.713,1.0,10.0,HARD,1,,
BOT,Alfa Romeo,11,91.616,1.0,11.0,HARD,1,,
BOT,Alfa Romeo,12,91.78,1.0,12.0,HARD,1,,
BOT,Alfa Romeo,13,91.887,1.0,13.0,HARD,1,,
BOT,Alfa Romeo,14,91.709,1.0,14.0,HARD,1,,
BOT,Alfa Romeo,15,91.436,1.0,15.0,HARD,1,,
BOT,Alfa Romeo,16,91.475,1.0,16.0,HARD,1,,
BOT,Alfa Romeo,17,91.561,1.0,17.0,HARD,1,,
BOT,Alfa Romeo,18,92.236,1.0,18.0,HARD,1,,
BOT,Alfa Romeo,19,92.309,1.0,19.0,HARD,1,,
BOT,Alfa Romeo,20,92.795,1.0,20.0,HARD,1,,
BOT,Alfa Romeo,21,92.462,1.0,21.0,HARD,1,,
BOT,Alfa Romeo,22,92.922,1.0,22.0,HARD,1,,
BOT,Alfa Romeo,23,92.934,1.0,23.0,HARD,1,,
BOT,Alfa Romeo,24,92.36,1.0,24.0,HARD,1,,
BOT,Alfa Romeo,25,92.139,1.0,25.0,HARD,1,,
BOT,Alfa Romeo,26,92.821,1.0,26.0,HARD,1,,
BOT,Alfa Romeo,27,91.817,1.0,27.0,HARD,1,,
BOT,Alfa Romeo,28,92.424,1.0,28.0,HARD,1,,
BOT,Alfa Romeo,29,94.094,1.0,29.0,HARD,1,0 days 01:47:00.973000,
BOT,Alfa Romeo,30,113.086,2.0,1.0,MEDIUM,1,,0 days 01:47:23.598000
BOT,Alfa Romeo,31,91.308,2.0,2.0,MEDIUM,1,,
BOT,Alfa Romeo,32,90.245,2.0,3.0,MEDIUM,1,,
BOT,Alfa Romeo,33,90.623,2.0,4.0,MEDIUM,1,,
BOT,Alfa Romeo,34,90.473,2.0,5.0,MEDIUM,1,,
BOT,Alfa Romeo,35,90.401,2.0,6.0,MEDIUM,1,,
BOT,Alfa Romeo,36,90.207,2.0,7.0,MEDIUM,1,,
BOT,Alfa Romeo,37,90.246,2.0,8.0,MEDIUM,1,,
BOT,Alfa Romeo,38,90.016,2.0,9.0,MEDIUM,1,,
BOT,Alfa Romeo,39,90.001,2.0,10.0,MEDIUM,1,,
BOT,Alfa Romeo,40,90.345,2.0,11.0,MEDIUM,1,,
BOT,Alfa Romeo,41,90.161,2.0,12.0,MEDIUM,1,,
BOT,Alfa Romeo,42,89.863,2.0,13.0,MEDIUM,1,,
BOT,Alfa Romeo,43,91.418,2.0,14.0,MEDIUM,1,,
BOT,Alfa Romeo,44,89.999,2.0,15.0,MEDIUM,1,,
BOT,Alfa Romeo,45,90.495,2.0,16.0,MEDIUM,1,,
BOT,Alfa Romeo,46,89.998,2.0,17.0,MEDIUM,1,,
BOT,Alfa Romeo,47,90.448,2.0,18.0,MEDIUM,1,,
BOT,Alfa Romeo,48,90.492,2.0,19.0,MEDIUM,1,,
BOT,Alfa Romeo,49,90.688,2.0,20.0,MEDIUM,1,,
BOT,Alfa Romeo,50,91.586,2.0,21.0,MEDIUM,1,,
BOT,Alfa Romeo,51,91.017,2.0,22.0,MEDIUM,1,,
BOT,Alfa Romeo,52,90.924,2.0,23.0,MEDIUM,1,,
BOT,Alfa Romeo,53,91.713,2.0,24.0,MEDIUM,1,,
BOT,Alfa Romeo,54,90.855,2.0,25.0,MEDIUM,1,,
BOT,Alfa Romeo,55,90.53,2.0,26.0,MEDIUM,1,,
BOT,Alfa Romeo,56,90.13,2.0,27.0,MEDIUM,1,,
BOT,Alfa Romeo,57,90.55,2.0,28.0,MEDIUM,1,,
MAG,Haas F1 Team,1,101.597,1.0,1.0,MEDIUM,1,,
MAG,Haas F1 Team,2,93.067,1.0,2.0,MEDIUM,1,,
MAG,Haas F1 Team,3,91.711,1.0,3.0,MEDIUM,1,,
MAG,Haas F1 Team,4,91.593,1.0,4.0,MEDIUM,1,,
MAG,Haas F1 Team,5,93.881,1.0,5.0,MEDIUM,1,0 days 01:10:15.623000,
MAG,Haas F1 Team,6,110.942,2.0,1.0,HARD,1,,0 days 01:10:38.326000
MAG,Haas F1 Team,7,90.445,2.0,2.0,HARD,1,,
MAG,Haas F1 Team,8,90.312,2.0,3.0,HARD,1,,
MAG,Haas F1 Team,9,90.325,2.0,4.0,HARD,1,,
MAG,Haas F1 Team,10,90.814,2.0,5.0,HARD,1,,
MAG,Haas F1 Team,11,91.051,2.0,6.0,HARD,1,,
MAG,Haas F1 Team,12,90.791,2.0,7.0,HARD,1,,
MAG,Haas F1 Team,13,90.956,2.0,8.0,HARD,1,,
MAG,Haas F1 Team,14,91.074,2.0,9.0,HARD,1,,
MAG,Haas F1 Team,15,91.241,2.0,10.0,HARD,1,,
MAG,Haas F1 Team,16,91.91,2.0,11.0,HARD,1,,
MAG,Haas F1 Team,17,92.454,2.0,12.0,HARD,1,,
MAG,Haas F1 Team,18,92.108,2.0,13.0,HARD,1,,
MAG,Haas F1 Team,19,92.16,2.0,14.0,HARD,1,,
MAG,Haas F1 Team,20,91.521,2.0,15.0,HARD,1,,
MAG,Haas F1 Team,21,91.95,2.0,16.0,HARD,1,,
MAG,Haas F1 Team,22,94.337,2.0,17.0,HARD,1,0 days 01:36:30.012000,
MAG,Haas F1 Team,23,111.422,3.0,1.0,HARD,1,,0 days 01:36:52.121000
MAG,Haas F1 Team,24,91.448,3.0,2.0,HARD,1,,
MAG,Haas F1 Team,25,90.592,3.0,3.0,HARD,1,,
MAG,Haas F1 Team,26,90.599,3.0,4.0,HARD,1,,
MAG,Haas F1 Team,27,90.691,3.0,5.0,HARD,1,,
MAG,Haas F1 Team,28,90.709,3.0,6.0,HARD,1,,
MAG,Haas F1 Team,29,90.628,3.0,7.0,HARD,1,,
MAG,Haas F1 Team,30,90.116,3.0,8.0,HARD,1,,
MAG,Haas F1 Team,31,90.631,3.0,9.0,HARD,1,,
MAG,Haas F1 Team,32,90.684,3.0,10.0,HARD,1,,
MAG,Haas F1 Team,33,90.437,3.0,11.0,HARD,1,,
MAG,Haas F1 Team,34,90.452,3.0,12.0,HARD,1,,
MAG,Haas F1 Team,35,90.413,3.0,13.0,HARD,1,,
MAG,Haas F1 Team,36,90.674,3.0,14.0,HARD,1,,
MAG,Haas F1 Team,37,90.345,3.0,15.0,HARD,1,,
MAG,Haas F1 Team,38,90.376,3.0,16.0,HARD,1,,
MAG,Haas F1 Team,39,90.425,3.0,17.0,HARD,1,,
MAG,Haas F1 Team,40,91.437,3.0,18.0,HARD,1,,
MAG,Haas F1 Team,41,90.48,3.0,19.0,HARD,1,,
MAG,Haas F1 Team,42,90.356,3.0,20.0,HARD,1,,
MAG,Haas F1 Team,43,90.057,3.0,21.0,HARD,1,,
MAG,Haas F1 Team,44,90.084,3.0,22.0,HARD,1,,
MAG,Haas F1 Team,45,90.11,3.0,23.0,HARD,1,,
MAG,Haas F1 Team,46,89.934,3.0,24.0,HARD,1,,
MAG,Haas F1 Team,47,91.923,3.0,25.0,HARD,1,,
MAG,Haas F1 Team,48,90.657,3.0,26.0,HARD,1,,
MAG,Haas F1 Team,49,90.553,3.0,27.0,HARD,1,,
MAG,Haas F1 Team,50,90.509,3.0,28.0,HARD,1,,
MAG,Haas F1 Team,51,90.432,3.0,29.0,HARD,1,,
MAG,Haas F1 Team,52,91.497,3.0,30.0,HARD,1,,
MAG,Haas F1 Team,53,90.445,3.0,31.0,HARD,1,,
MAG,Haas F1 Team,54,90.207,3.0,32.0,HARD,1,,
MAG,Haas F1 Team,55,90.252,3.0,33.0,HARD,1,,
MAG,Haas F1 Team,56,90.429,3.0,34.0,HARD,1,,
MAG,Haas F1 Team,57,91.256,3.0,35.0,HARD,1,,
