Driver,Team,LapTimeSeconds,LapNumber,Stint,TyreLife,Compound,TrackStatus,PitInTime,PitOutTime
VER,Red Bull Racing,92.594,1,1.0,0.0,MEDIUM,1,,
RUS,Mercedes,95.235,1,1.0,0.0,MEDIUM,1,,
LEC,Ferrari,93.485,1,1.0,0.0,MEDIUM,1,,
PIA,McLaren,94.328,1,1.0,0.0,MEDIUM,1,,
HUL,Haas F1 Team,99.828,1,1.0,0.0,MEDIUM,1,,
PER,Red Bull Racing,98.485,1,1.0,0.0,MEDIUM,1,,
NOR,McLaren,94.844,1,1.0,0.0,MEDIUM,1,,
HAM,Mercedes,97.672,1,1.0,0.0,MEDIUM,1,,
MAG,Haas F1 Team,101.985,1,1.0,0.0,MEDIUM,1,,
TSU,AlphaTauri,96.203,1,1.0,0.0,MEDIUM,1,,
BOT,Alfa Romeo,100.75,1,1.0,0.0,HARD,1,,
OCO,Alpine,98.844,1,1.0,0.0,MEDIUM,1,,
ZHO,Alfa Romeo,101.297,1,1.0,0.0,MEDIUM,1,,
ALO,Aston Martin,96.516,1,1.0,0.0,MEDIUM,1,,
STR,Aston Martin,99.078,1,1.0,1.0,HARD,1,,
SAR,Williams,102.485,1,1.0,1.0,MEDIUM,1,,
GAS,Alpine,96.953,1,1.0,0.0,MEDIUM,1,,
RIC,AlphaTauri,100.391,1,1.0,0.0,MEDIUM,1,,
ALB,Williams,101.0,1,1.0,1.0,MEDIUM,1,,
SAI,Ferrari,100.172,1,1.0,0.0,HARD,1,,
VER,Red Bull Racing,90.71,2,1.0,1.0,MEDIUM,0,,
LEC,Ferrari,91.117,2,1.0,1.0,MEDIUM,0,,
PIA,McLaren,91.075,2,1.0,1.0,MEDIUM,0,,
NOR,McLaren,91.43,2,1.0,1.0,MEDIUM,0,,
RUS,Mercedes,91.598,2,1.0,1.0,MEDIUM,0,,
TSU,AlphaTauri,91.674,2,1.0,1.0,MEDIUM,0,,
ALO,Aston Martin,91.755,2,1.0,1.0,MEDIUM,0,,
GAS,Alpine,91.774,2,1.0,1.0,MEDIUM,0,,
HAM,Mercedes,91.727,2,1.0,1.0,MEDIUM,0,,
PER,Red Bull Racing,91.672,2,1.0,1.0,MEDIUM,0,,
OCO,Alpine,91.81,2,1.0,1.0,MEDIUM,0,,
STR,Aston Martin,91.963,2,1.0,2.0,HARD,0,,
HUL,Haas F1 Team,92.921,2,1.0,1.0,MEDIUM,0,,
SAI,Ferrari,91.98,2,1.0,1.0,HARD,0,,
RIC,AlphaTauri,92.742,2,1.0,1.0,MEDIUM,0,,
BOT,Alfa Romeo,92.77,2,1.0,1.0,HARD,0,,
ALB,Williams,93.56,2,1.0,2.0,MEDIUM,0,,
ZHO,Alfa Romeo,92.533,2,1.0,1.0,MEDIUM,0,,
MAG,Haas F1 Team,93.067,2,1.0,1.0,MEDIUM,0,,
SAR,Williams,93.582,2,1.0,2.0,MEDIUM,0,,
VER,Red Bull Racing,90.408,3,1.0,2.0,MEDIUM,1,,
LEC,Ferrari,90.5,3,1.0,2.0,MEDIUM,1,,
PIA,McLaren,90.631,3,1.0,2.0,MEDIUM,1,,
NOR,McLaren,90.714,3,1.0,2.0,MEDIUM,1,,
RUS,Mercedes,90.598,3,1.0,2.0,MEDIUM,1,,
TSU,AlphaTauri,90.674,3,1.0,2.0,MEDIUM,1,,
ALO,Aston Martin,90.823,3,1.0,2.0,MEDIUM,1,,
GAS,Alpine,90.824,3,1.0,2.0,MEDIUM,1,,
HAM,Mercedes,91.526,3,1.0,2.0,MEDIUM,1,,
PER,Red Bull Racing,90.469,3,1.0,2.0,MEDIUM,1,,
OCO,Alpine,91.033,3,1.0,2.0,MEDIUM,1,,
STR,Aston Martin,90.927,3,1.0,3.0,HARD,1,,
SAI,Ferrari,91.308,3,1.0,2.0,HARD,1,,
HUL,Haas F1 Team,91.351,3,1.0,2.0,MEDIUM,1,,
RIC,AlphaTauri,91.519,3,1.0,2.0,MEDIUM,1,,
BOT,Alfa Romeo,91.698,3,1.0,2.0,HARD,1,,
ZHO,Alfa Romeo,91.817,3,1.0,2.0,MEDIUM,1,,
ALB,Williams,91.768,3,1.0,3.0,MEDIUM,1,,
MAG,Haas F1 Team,91.711,3,1.0,2.0,MEDIUM,1,,
SAR,Williams,91.4,3,1.0,3.0,MEDIUM,1,,
VER,Red Bull Racing,90.716,4,1.0,3.0,MEDIUM,0,,
LEC,Ferrari,90.884,4,1.0,3.0,MEDIUM,0,,
PIA,McLaren,91.816,4,1.0,3.0,MEDIUM,0,,
NOR,McLaren,90.188,4,1.0,3.0,MEDIUM,0,,
RUS,Mercedes,90.797,4,1.0,3.0,MEDIUM,0,,
TSU,AlphaTauri,90.757,4,1.0,3.0,MEDIUM,0,,
ALO,Aston Martin,90.66,4,1.0,3.0,MEDIUM,0,,
GAS,Alpine,90.758,4,1.0,3.0,MEDIUM,0,,
PER,Red Bull Racing,90.759,4,1.0,3.0,MEDIUM,0,,
HAM,Mercedes,90.844,4,1.0,3.0,MEDIUM,0,,
OCO,Alpine,90.988,4,1.0,3.0,MEDIUM,0,,
STR,Aston Martin,91.017,4,1.0,4.0,HARD,0,,
SAI,Ferrari,91.099,4,1.0,3.0,HARD,0,,
HUL,Haas F1 Team,91.374,4,1.0,3.0,MEDIUM,0,,
RIC,AlphaTauri,91.284,4,1.0,3.0,MEDIUM,0,,
BOT,Alfa Romeo,91.281,4,1.0,3.0,HARD,0,,
ZHO,Alfa Romeo,91.303,4,1.0,3.0,MEDIUM,0,,
ALB,Williams,91.591,4,1.0,4.0,MEDIUM,0,,
MAG,Haas F1 Team,91.593,4,1.0,3.0,MEDIUM,0,,
SAR,Williams,91.487,4,1.0,4.0,MEDIUM,0,,
VER,Red Bull Racing,90.552,5,1.0,4.0,MEDIUM,0,,
LEC,Ferrari,90.459,5,1.0,4.0,MEDIUM,0,,
NOR,McLaren,90.456,5,1.0,4.0,MEDIUM,0,,
PIA,McLaren,90.419,5,1.0,4.0,MEDIUM,0,,
RUS,Mercedes,90.689,5,1.0,4.0,MEDIUM,0,,
TSU,AlphaTauri,90.685,5,1.0,4.0,MEDIUM,0,,
ALO,Aston Martin,90.773,5,1.0,4.0,MEDIUM,0,,
GAS,Alpine,90.764,5,1.0,4.0,MEDIUM,0,,
PER,Red Bull Racing,90.797,5,1.0,4.0,MEDIUM,0,,
HAM,Mercedes,90.844,5,1.0,4.0,MEDIUM,0,,
OCO,Alpine,90.994,5,1.0,4.0,MEDIUM,0,,
STR,Aston Martin,91.094,5,1.0,5.0,HARD,0,,
SAI,Ferrari,91.158,5,1.0,4.0,HARD,0,,
HUL,Haas F1 Team,91.227,5,1.0,4.0,MEDIUM,0,,
RIC,AlphaTauri,91.326,5,1.0,4.0,MEDIUM,0,,
BOT,Alfa Romeo,91.445,5,1.0,4.0,HARD,0,,
ZHO,Alfa Romeo,91.44,5,1.0,4.0,MEDIUM,0,,
ALB,Williams,91.422,5,1.0,5.0,MEDIUM,0,,
MAG,Haas F1 Team,93.881,5,1.0,4.0,MEDIUM,0,2023-11-26 13:11:39.528000+00:00,
SAR,Williams,92.275,5,1.0,5.0,MEDIUM,0,,
VER,Red Bull Racing,90.44,6,1.0,5.0,MEDIUM,1,,
LEC,Ferrari,90.544,6,1.0,5.0,MEDIUM,1,,
NOR,McLaren,90.45,6,1.0,5.0,MEDIUM,1,,
PIA,McLaren,90.813,6,1.0,5.0,MEDIUM,1,,
RUS,Mercedes,90.808,6,1.0,5.0,MEDIUM,1,,
TSU,AlphaTauri,90.786,6,1.0,5.0,MEDIUM,1,,
ALO,Aston Martin,90.803,6,1.0,5.0,MEDIUM,1,,
GAS,Alpine,90.886,6,1.0,5.0,MEDIUM,1,,
PER,Red Bull Racing,90.682,6,1.0,5.0,MEDIUM,1,,
HAM,Mercedes,90.634,6,1.0,5.0,MEDIUM,1,,
OCO,Alpine,90.689,6,1.0,5.0,MEDIUM,1,,
STR,Aston Martin,90.795,6,1.0,6.0,HARD,1,,
SAI,Ferrari,91.175,6,1.0,5.0,HARD,1,,
HUL,Haas F1 Team,91.101,6,1.0,5.0,MEDIUM,1,,
RIC,AlphaTauri,91.064,6,1.0,5.0,MEDIUM,1,,
BOT,Alfa Romeo,91.122,6,1.0,5.0,HARD,1,,
ZHO,Alfa Romeo,91.331,6,1.0,5.0,MEDIUM,1,,
ALB,Williams,91.491,6,1.0,6.0,MEDIUM,1,,
SAR,Williams,91.712,6,1.0,6.0,MEDIUM,1,,
MAG,Haas F1 Team,110.942,6,2.0,0.0,HARD,1,,2023-11-26 13:12:02.228000+00:00
VER,Red Bull Racing,90.529,7,1.0,6.0,MEDIUM,0,,
LEC,Ferrari,90.373,7,1.0,6.0,MEDIUM,0,,
NOR,McLaren,90.533,7,1.0,6.0,MEDIUM,0,,
PIA,McLaren,90.953,7,1.0,6.0,MEDIUM,0,,
RUS,Mercedes,90.842,7,1.0,6.0,MEDIUM,0,,
TSU,AlphaTauri,90.826,7,1.0,6.0,MEDIUM,0,,
ALO,Aston Martin,90.782,7,1.0,6.0,MEDIUM,0,,
GAS,Alpine,90.787,7,1.0,6.0,MEDIUM,0,,
PER,Red Bull Racing,90.818,7,1.0,6.0,MEDIUM,0,,
HAM,Mercedes,90.899,7,1.0,6.0,MEDIUM,0,,
OCO,Alpine,90.932,7,1.0,6.0,MEDIUM,0,,
STR,Aston Martin,91.056,7,1.0,7.0,HARD,0,,
SAI,Ferrari,91.301,7,1.0,6.0,HARD,0,,
HUL,Haas F1 Team,91.332,7,1.0,6.0,MEDIUM,0,,
RIC,AlphaTauri,93.072,7,1.0,6.0,MEDIUM,0,2023-11-26 13:14:37.589000+00:00,
BOT,Alfa Romeo,91.189,7,1.0,6.0,HARD,0,,
ZHO,Alfa Romeo,91.227,7,1.0,6.0,MEDIUM,0,,
ALB,Williams,91.438,7,1.0,7.0,MEDIUM,0,,
SAR,Williams,91.157,7,1.0,7.0,MEDIUM,0,,
MAG,Haas F1 Team,90.445,7,2.0,1.0,HARD,0,,
VER,Red Bull Racing,90.516,8,1.0,7.0,MEDIUM,1,,
LEC,Ferrari,90.631,8,1.0,7.0,MEDIUM,1,,
NOR,McLaren,90.676,8,1.0,7.0,MEDIUM,1,,
PIA,McLaren,90.795,8,1.0,7.0,MEDIUM,1,,
RUS,Mercedes,90.933,8,1.0,7.0,MEDIUM,1,,
TSU,AlphaTauri,91.097,8,1.0,7.0,MEDIUM,1,,
ALO,Aston Martin,91.109,8,1.0,7.0,MEDIUM,1,,
GAS,Alpine,90.944,8,1.0,7.0,MEDIUM,1,,
PER,Red Bull Racing,90.993,8,1.0,7.0,MEDIUM,1,,
HAM,Mercedes,91.061,8,1.0,7.0,MEDIUM,1,,
OCO,Alpine,90.997,8,1.0,7.0,MEDIUM,1,,
STR,Aston Martin,90.988,8,1.0,8.0,HARD,1,,
SAI,Ferrari,91.263,8,1.0,7.0,HARD,1,,
HUL,Haas F1 Team,91.5,8,1.0,7.0,MEDIUM,1,,
BOT,Alfa Romeo,91.206,8,1.0,7.0,HARD,1,,
ZHO,Alfa Romeo,91.318,8,1.0,7.0,MEDIUM,1,,
RIC,AlphaTauri,110.258,8,2.0,0.0,HARD,1,,2023-11-26 13:14:59.189000+00:00
ALB,Williams,91.58,8,1.0,8.0,MEDIUM,1,,
SAR,Williams,91.542,8,1.0,8.0,MEDIUM,1,,
MAG,Haas F1 Team,90.312,8,2.0,2.0,HARD,1,,
VER,Red Bull Racing,90.632,9,1.0,8.0,MEDIUM,1,,
LEC,Ferrari,90.431,9,1.0,8.0,MEDIUM,1,,
NOR,McLaren,90.613,9,1.0,8.0,MEDIUM,1,,
PIA,McLaren,90.899,9,1.0,8.0,MEDIUM,1,,
RUS,Mercedes,90.767,9,1.0,8.0,MEDIUM,1,,
TSU,AlphaTauri,90.862,9,1.0,8.0,MEDIUM,1,,
ALO,Aston Martin,90.915,9,1.0,8.0,MEDIUM,1,,
GAS,Alpine,91.305,9,1.0,8.0,MEDIUM,1,,
PER,Red Bull Racing,91.287,9,1.0,8.0,MEDIUM,1,,
HAM,Mercedes,91.132,9,1.0,8.0,MEDIUM,1,,
OCO,Alpine,91.073,9,1.0,8.0,MEDIUM,1,,
STR,Aston Martin,91.195,9,1.0,9.0,HARD,1,,
SAI,Ferrari,90.965,9,1.0,8.0,HARD,1,,
HUL,Haas F1 Team,91.545,9,1.0,8.0,MEDIUM,1,,
BOT,Alfa Romeo,91.716,9,1.0,8.0,HARD,1,,
ZHO,Alfa Romeo,91.662,9,1.0,8.0,MEDIUM,1,,
ALB,Williams,91.644,9,1.0,9.0,MEDIUM,1,,
SAR,Williams,91.408,9,1.0,9.0,MEDIUM,1,,
RIC,AlphaTauri,89.815,9,2.0,1.0,HARD,1,,
MAG,Haas F1 Team,90.325,9,2.0,3.0,HARD,1,,
VER,Red Bull Racing,90.506,10,1.0,9.0,MEDIUM,1,,
LEC,Ferrari,90.609,10,1.0,9.0,MEDIUM,1,,
NOR,McLaren,90.912,10,1.0,9.0,MEDIUM,1,,
PIA,McLaren,91.239,10,1.0,9.0,MEDIUM,1,,
RUS,Mercedes,91.14,10,1.0,9.0,MEDIUM,1,,
TSU,AlphaTauri,91.104,10,1.0,9.0,MEDIUM,1,,
ALO,Aston Martin,91.18,10,1.0,9.0,MEDIUM,1,,
GAS,Alpine,91.136,10,1.0,9.0,MEDIUM,1,,
PER,Red Bull Racing,91.214,10,1.0,9.0,MEDIUM,1,,
HAM,Mercedes,91.271,10,1.0,9.0,MEDIUM,1,,
OCO,Alpine,91.254,10,1.0,9.0,MEDIUM,1,,
STR,Aston Martin,91.074,10,1.0,10.0,HARD,1,,
SAI,Ferrari,91.305,10,1.0,9.0,HARD,1,,
HUL,Haas F1 Team,91.583,10,1.0,9.0,MEDIUM,1,,
BOT,Alfa Romeo,91.713,10,1.0,9.0,HARD,1,,
ZHO,Alfa Romeo,91.936,10,1.0,9.0,MEDIUM,1,,
ALB,Williams,91.978,10,1.0,10.0,MEDIUM,1,,
SAR,Williams,92.038,10,1.0,10.0,MEDIUM,1,,
RIC,AlphaTauri,90.238,10,2.0,2.0,HARD,1,,
MAG,Haas F1 Team,90.814,10,2.0,4.0,HARD,1,,
VER,Red Bull Racing,90.561,11,1.0,10.0,MEDIUM,1,,
LEC,Ferrari,90.613,11,1.0,10.0,MEDIUM,1,,
NOR,McLaren,91.228,11,1.0,10.0,MEDIUM,1,,
PIA,McLaren,92.448,11,1.0,10.0,MEDIUM,1,,
RUS,Mercedes,90.856,11,1.0,10.0,MEDIUM,1,,
TSU,AlphaTauri,91.472,11,1.0,10.0,MEDIUM,1,,
ALO,Aston Martin,91.381,11,1.0,10.0,MEDIUM,1,,
GAS,Alpine,91.467,11,1.0,10.0,MEDIUM,1,,
PER,Red Bull Racing,91.535,11,1.0,10.0,MEDIUM,1,,
HAM,Mercedes,91.378,11,1.0,10.0,MEDIUM,1,,
OCO,Alpine,91.422,11,1.0,10.0,MEDIUM,1,,
STR,Aston Martin,91.367,11,1.0,11.0,HARD,1,,
SAI,Ferrari,91.085,11,1.0,10.0,HARD,1,,
HUL,Haas F1 Team,92.002,11,1.0,10.0,MEDIUM,1,,
BOT,Alfa Romeo,91.616,11,1.0,10.0,HARD,1,,
ZHO,Alfa Romeo,91.845,11,1.0,10.0,MEDIUM,1,,
ALB,Williams,91.962,11,1.0,11.0,MEDIUM,1,,
SAR,Williams,91.882,11,1.0,11.0,MEDIUM,1,,
RIC,AlphaTauri,90.43,11,2.0,3.0,HARD,1,,
MAG,Haas F1 Team,91.051,11,2.0,5.0,HARD,1,,
VER,Red Bull Racing,90.59,12,1.0,11.0,MEDIUM,1,,
LEC,Ferrari,90.584,12,1.0,11.0,MEDIUM,1,,
NOR,McLaren,91.189,12,1.0,11.0,MEDIUM,1,,
RUS,Mercedes,90.95,12,1.0,11.0,MEDIUM,1,,
PIA,McLaren,91.304,12,1.0,11.0,MEDIUM,1,,
TSU,AlphaTauri,91.466,12,1.0,11.0,MEDIUM,1,,
ALO,Aston Martin,93.378,12,1.0,11.0,MEDIUM,1,2023-11-26 13:22:07.037000+00:00,
GAS,Alpine,92.492,12,1.0,11.0,MEDIUM,1,,
PER,Red Bull Racing,90.874,12,1.0,11.0,MEDIUM,1,,
HAM,Mercedes,91.716,12,1.0,11.0,MEDIUM,1,,
OCO,Alpine,91.527,12,1.0,11.0,MEDIUM,1,,
STR,Aston Martin,91.555,12,1.0,12.0,HARD,1,,
SAI,Ferrari,91.278,12,1.0,11.0,HARD,1,,
HUL,Haas F1 Team,91.827,12,1.0,11.0,MEDIUM,1,,
BOT,Alfa Romeo,91.78,12,1.0,11.0,HARD,1,,
ZHO,Alfa Romeo,92.298,12,1.0,11.0,MEDIUM,1,,
ALB,Williams,91.958,12,1.0,12.0,MEDIUM,1,,
SAR,Williams,91.889,12,1.0,12.0,MEDIUM,1,,
RIC,AlphaTauri,90.078,12,2.0,4.0,HARD,1,,
MAG,Haas F1 Team,90.791,12,2.0,6.0,HARD,1,,
VER,Red Bull Racing,90.561,13,1.0,12.0,MEDIUM,1,,
LEC,Ferrari,90.817,13,1.0,12.0,MEDIUM,1,,
NOR,McLaren,91.013,13,1.0,12.0,MEDIUM,1,,
RUS,Mercedes,90.816,13,1.0,12.0,MEDIUM,1,,
PIA,McLaren,92.981,13,1.0,12.0,MEDIUM,1,2023-11-26 13:23:35.848000+00:00,
TSU,AlphaTauri,91.198,13,1.0,12.0,MEDIUM,1,,
PER,Red Bull Racing,91.309,13,1.0,12.0,MEDIUM,1,,
ALO,Aston Martin,110.005,13,2.0,1.0,HARD,1,,2023-11-26 13:22:29.437000+00:00
GAS,Alpine,91.532,13,1.0,12.0,MEDIUM,1,,
HAM,Mercedes,91.689,13,1.0,12.0,MEDIUM,1,,
OCO,Alpine,91.77,13,1.0,12.0,MEDIUM,1,,
STR,Aston Martin,91.631,13,1.0,13.0,HARD,1,,
SAI,Ferrari,91.385,13,1.0,12.0,HARD,1,,
HUL,Haas F1 Team,93.719,13,1.0,12.0,MEDIUM,1,2023-11-26 13:23:47.614000+00:00,
BOT,Alfa Romeo,91.887,13,1.0,12.0,HARD,1,,
ZHO,Alfa Romeo,93.899,13,1.0,12.0,MEDIUM,1,2023-11-26 13:23:51.395000+00:00,
ALB,Williams,91.7,13,1.0,13.0,MEDIUM,1,,
SAR,Williams,92.05,13,1.0,13.0,MEDIUM,1,,
RIC,AlphaTauri,90.271,13,2.0,5.0,HARD,1,,
MAG,Haas F1 Team,90.956,13,2.0,7.0,HARD,1,,
VER,Red Bull Racing,90.647,14,1.0,13.0,MEDIUM,0,,
LEC,Ferrari,90.571,14,1.0,13.0,MEDIUM,0,,
NOR,McLaren,92.394,14,1.0,13.0,MEDIUM,0,2023-11-26 13:25:05.129000+00:00,
RUS,Mercedes,92.471,14,1.0,13.0,MEDIUM,0,2023-11-26 13:25:04.660000+00:00,
TSU,AlphaTauri,90.85,14,1.0,13.0,MEDIUM,0,,
PIA,McLaren,110.084,14,2.0,0.0,HARD,0,,2023-11-26 13:23:57.448000+00:00
PER,Red Bull Racing,91.19,14,1.0,13.0,MEDIUM,0,,
GAS,Alpine,91.457,14,1.0,13.0,MEDIUM,0,,
HAM,Mercedes,91.432,14,1.0,13.0,MEDIUM,0,,
OCO,Alpine,91.647,14,1.0,13.0,MEDIUM,0,,
STR,Aston Martin,91.693,14,1.0,14.0,HARD,0,,
SAI,Ferrari,91.416,14,1.0,13.0,HARD,0,,
BOT,Alfa Romeo,91.709,14,1.0,13.0,HARD,0,,
HUL,Haas F1 Team,110.743,14,2.0,0.0,HARD,0,,2023-11-26 13:24:09.414000+00:00
ALB,Williams,91.655,14,1.0,14.0,MEDIUM,0,,
ZHO,Alfa Romeo,112.402,14,2.0,0.0,HARD,0,,2023-11-26 13:24:14.195000+00:00
SAR,Williams,91.825,14,1.0,14.0,MEDIUM,0,,
ALO,Aston Martin,90.466,14,2.0,2.0,HARD,0,,
RIC,AlphaTauri,90.424,14,2.0,6.0,HARD,0,,
MAG,Haas F1 Team,91.074,14,2.0,8.0,HARD,0,,
VER,Red Bull Racing,90.267,15,1.0,14.0,MEDIUM,1,,
LEC,Ferrari,90.618,15,1.0,14.0,MEDIUM,1,,
NOR,McLaren,113.2,15,2.0,0.0,HARD,1,,2023-11-26 13:25:29.129000+00:00
RUS,Mercedes,109.517,15,2.0,0.0,HARD,1,,2023-11-26 13:25:26.260000+00:00
TSU,AlphaTauri,90.901,15,1.0,14.0,MEDIUM,1,,
PER,Red Bull Racing,91.225,15,1.0,14.0,MEDIUM,1,,
GAS,Alpine,91.986,15,1.0,14.0,MEDIUM,1,,
HAM,Mercedes,93.651,15,1.0,14.0,MEDIUM,1,2023-11-26 13:26:44.159000+00:00,
OCO,Alpine,93.667,15,1.0,14.0,MEDIUM,1,2023-11-26 13:26:45.128000+00:00,
STR,Aston Martin,91.312,15,1.0,15.0,HARD,1,,
SAI,Ferrari,91.619,15,1.0,14.0,HARD,1,,
BOT,Alfa Romeo,91.436,15,1.0,14.0,HARD,1,,
ALB,Williams,91.729,15,1.0,15.0,MEDIUM,1,,
SAR,Williams,94.856,15,1.0,15.0,MEDIUM,1,2023-11-26 13:26:58.221000+00:00,
PIA,McLaren,90.649,15,2.0,1.0,HARD,1,,
ALO,Aston Martin,90.389,15,2.0,3.0,HARD,1,,
RIC,AlphaTauri,90.475,15,2.0,7.0,HARD,1,,
MAG,Haas F1 Team,91.241,15,2.0,9.0,HARD,1,,
HUL,Haas F1 Team,90.133,15,2.0,1.0,HARD,1,,
ZHO,Alfa Romeo,90.762,15,2.0,1.0,HARD,1,,
VER,Red Bull Racing,92.558,16,1.0,15.0,MEDIUM,1,2023-11-26 13:27:58.955000+00:00,
LEC,Ferrari,90.711,16,1.0,15.0,MEDIUM,1,,
TSU,AlphaTauri,91.081,16,1.0,15.0,MEDIUM,1,,
PER,Red Bull Racing,91.375,16,1.0,15.0,MEDIUM,1,,
GAS,Alpine,92.273,16,1.0,15.0,MEDIUM,1,,
STR,Aston Martin,91.293,16,1.0,16.0,HARD,1,,
HAM,Mercedes,110.835,16,2.0,0.0,HARD,1,,2023-11-26 13:27:06.259000+00:00
OCO,Alpine,110.615,16,2.0,0.0,HARD,1,,2023-11-26 13:27:07.228000+00:00
SAI,Ferrari,91.197,16,1.0,15.0,HARD,1,,
BOT,Alfa Romeo,91.475,16,1.0,15.0,HARD,1,,
ALB,Williams,94.282,16,1.0,16.0,MEDIUM,1,2023-11-26 13:28:27.548000+00:00,
RUS,Mercedes,89.537,16,2.0,1.0,HARD,1,,
NOR,McLaren,89.654,16,2.0,1.0,HARD,1,,
PIA,McLaren,90.276,16,2.0,2.0,HARD,1,,
ALO,Aston Martin,90.314,16,2.0,4.0,HARD,1,,
SAR,Williams,111.904,16,2.0,0.0,HARD,1,,2023-11-26 13:27:20.321000+00:00
RIC,AlphaTauri,90.482,16,2.0,8.0,HARD,1,,
MAG,Haas F1 Team,91.91,16,2.0,10.0,HARD,1,,
HUL,Haas F1 Team,90.574,16,2.0,2.0,HARD,1,,
ZHO,Alfa Romeo,90.842,16,2.0,2.0,HARD,1,,
VER,Red Bull Racing,110.188,17,2.0,0.0,HARD,1,,2023-11-26 13:28:20.555000+00:00
LEC,Ferrari,92.468,17,1.0,16.0,MEDIUM,1,2023-11-26 13:29:31.907000+00:00,
TSU,AlphaTauri,91.228,17,1.0,16.0,MEDIUM,1,,
PER,Red Bull Racing,93.256,17,1.0,16.0,MEDIUM,1,2023-11-26 13:29:43.610000+00:00,
GAS,Alpine,94.709,17,1.0,16.0,MEDIUM,1,2023-11-26 13:29:49.782000+00:00,
STR,Aston Martin,90.5,17,1.0,17.0,HARD,1,,
SAI,Ferrari,91.621,17,1.0,16.0,HARD,1,,
BOT,Alfa Romeo,91.561,17,1.0,16.0,HARD,1,,
RUS,Mercedes,90.049,17,2.0,2.0,HARD,1,,
NOR,McLaren,90.133,17,2.0,2.0,HARD,1,,
PIA,McLaren,89.954,17,2.0,3.0,HARD,1,,
ALB,Williams,111.901,17,2.0,0.0,HARD,1,,2023-11-26 13:28:49.648000+00:00
ALO,Aston Martin,90.308,17,2.0,5.0,HARD,1,,
RIC,AlphaTauri,90.391,17,2.0,9.0,HARD,1,,
HAM,Mercedes,90.095,17,2.0,1.0,HARD,1,,
OCO,Alpine,90.134,17,2.0,1.0,HARD,1,,
MAG,Haas F1 Team,92.454,17,2.0,11.0,HARD,1,,
HUL,Haas F1 Team,90.356,17,2.0,3.0,HARD,1,,
ZHO,Alfa Romeo,90.892,17,2.0,3.0,HARD,1,,
SAR,Williams,90.404,17,2.0,1.0,HARD,1,,
LEC,Ferrari,110.342,18,2.0,0.0,HARD,1,,2023-11-26 13:29:53.807000+00:00
TSU,AlphaTauri,91.244,18,1.0,17.0,MEDIUM,1,,
PER,Red Bull Racing,109.031,18,2.0,0.0,HARD,1,,2023-11-26 13:30:05.010000+00:00
STR,Aston Martin,91.011,18,1.0,18.0,HARD,1,,
SAI,Ferrari,90.96,18,1.0,17.0,HARD,1,,
GAS,Alpine,111.405,18,2.0,0.0,HARD,1,,2023-11-26 13:30:12.782000+00:00
VER,Red Bull Racing,89.896,18,2.0,1.0,HARD,1,,
BOT,Alfa Romeo,92.236,18,1.0,17.0,HARD,1,,
RUS,Mercedes,89.522,18,2.0,3.0,HARD,1,,
NOR,McLaren,90.044,18,2.0,3.0,HARD,1,,
PIA,McLaren,90.438,18,2.0,4.0,HARD,1,,
ALO,Aston Martin,90.38,18,2.0,6.0,HARD,1,,
RIC,AlphaTauri,90.697,18,2.0,10.0,HARD,1,,
HAM,Mercedes,90.057,18,2.0,2.0,HARD,1,,
OCO,Alpine,90.276,18,2.0,2.0,HARD,1,,
HUL,Haas F1 Team,91.635,18,2.0,4.0,HARD,1,,
MAG,Haas F1 Team,92.108,18,2.0,12.0,HARD,1,,
ZHO,Alfa Romeo,90.973,18,2.0,4.0,HARD,1,,
ALB,Williams,90.463,18,2.0,1.0,HARD,1,,
SAR,Williams,91.295,18,2.0,2.0,HARD,1,,
TSU,AlphaTauri,91.453,19,1.0,18.0,MEDIUM,0,,
STR,Aston Martin,90.64,19,1.0,19.0,HARD,0,,
SAI,Ferrari,91.551,19,1.0,18.0,HARD,0,,
VER,Red Bull Racing,89.386,19,2.0,2.0,HARD,0,,
LEC,Ferrari,89.908,19,2.0,1.0,HARD,0,,
RUS,Mercedes,90.358,19,2.0,4.0,HARD,0,,
BOT,Alfa Romeo,92.309,19,1.0,18.0,HARD,0,,
NOR,McLaren,89.727,19,2.0,4.0,HARD,0,,
PIA,McLaren,90.498,19,2.0,5.0,HARD,0,,
ALO,Aston Martin,90.205,19,2.0,7.0,HARD,0,,
RIC,AlphaTauri,90.418,19,2.0,11.0,HARD,0,,
PER,Red Bull Racing,89.365,19,2.0,1.0,HARD,0,,
HAM,Mercedes,89.979,19,2.0,3.0,HARD,0,,
OCO,Alpine,90.132,19,2.0,3.0,HARD,0,,
GAS,Alpine,90.0,19,2.0,1.0,HARD,0,,
HUL,Haas F1 Team,90.335,19,2.0,5.0,HARD,0,,
MAG,Haas F1 Team,92.16,19,2.0,13.0,HARD,0,,
ZHO,Alfa Romeo,91.083,19,2.0,5.0,HARD,0,,
ALB,Williams,90.573,19,2.0,2.0,HARD,0,,
SAR,Williams,90.368,19,2.0,3.0,HARD,0,,
TSU,AlphaTauri,91.211,20,1.0,19.0,MEDIUM,0,,
STR,Aston Martin,90.655,20,1.0,20.0,HARD,0,,
VER,Red Bull Racing,89.628,20,2.0,3.0,HARD,0,,
SAI,Ferrari,90.933,20,1.0,19.0,HARD,0,,
LEC,Ferrari,90.073,20,2.0,2.0,HARD,0,,
RUS,Mercedes,90.088,20,2.0,5.0,HARD,0,,
NOR,McLaren,89.902,20,2.0,5.0,HARD,0,,
BOT,Alfa Romeo,92.795,20,1.0,19.0,HARD,0,,
PIA,McLaren,90.088,20,2.0,6.0,HARD,0,,
ALO,Aston Martin,90.38,20,2.0,8.0,HARD,0,,
RIC,AlphaTauri,91.085,20,2.0,12.0,HARD,0,,
PER,Red Bull Racing,89.107,20,2.0,2.0,HARD,0,,
HAM,Mercedes,89.657,20,2.0,4.0,HARD,0,,
OCO,Alpine,90.128,20,2.0,4.0,HARD,0,,
GAS,Alpine,90.242,20,2.0,2.0,HARD,0,,
HUL,Haas F1 Team,90.436,20,2.0,6.0,HARD,0,,
MAG,Haas F1 Team,91.521,20,2.0,14.0,HARD,0,,
ZHO,Alfa Romeo,91.099,20,2.0,6.0,HARD,0,,
ALB,Williams,90.392,20,2.0,3.0,HARD,0,,
SAR,Williams,90.406,20,2.0,4.0,HARD,0,,
TSU,AlphaTauri,91.134,21,1.0,20.0,MEDIUM,1,,
STR,Aston Martin,91.623,21,1.0,21.0,HARD,1,,
VER,Red Bull Racing,89.127,21,2.0,4.0,HARD,1,,
SAI,Ferrari,92.184,21,1.0,20.0,HARD,1,,
LEC,Ferrari,89.724,21,2.0,3.0,HARD,1,,
RUS,Mercedes,90.118,21,2.0,6.0,HARD,1,,
NOR,McLaren,89.781,21,2.0,6.0,HARD,1,,
PIA,McLaren,89.888,21,2.0,7.0,HARD,1,,
ALO,Aston Martin,89.887,21,2.0,9.0,HARD,1,,
BOT,Alfa Romeo,92.462,21,1.0,20.0,HARD,1,,
PER,Red Bull Racing,88.986,21,2.0,3.0,HARD,1,,
RIC,AlphaTauri,90.686,21,2.0,13.0,HARD,1,,
HAM,Mercedes,89.85,21,2.0,5.0,HARD,1,,
OCO,Alpine,90.246,21,2.0,5.0,HARD,1,,
GAS,Alpine,90.422,21,2.0,3.0,HARD,1,,
HUL,Haas F1 Team,90.636,21,2.0,7.0,HARD,1,,
MAG,Haas F1 Team,91.95,21,2.0,15.0,HARD,1,,
ZHO,Alfa Romeo,91.055,21,2.0,7.0,HARD,1,,
ALB,Williams,90.54,21,2.0,4.0,HARD,1,,
SAR,Williams,90.281,21,2.0,5.0,HARD,1,,
TSU,AlphaTauri,92.567,22,1.0,21.0,MEDIUM,0,2023-11-26 13:37:16.167000+00:00,
VER,Red Bull Racing,89.689,22,2.0,5.0,HARD,0,,
STR,Aston Martin,92.915,22,1.0,22.0,HARD,0,2023-11-26 13:37:21.792000+00:00,
LEC,Ferrari,89.704,22,2.0,4.0,HARD,0,,
SAI,Ferrari,92.071,22,1.0,21.0,HARD,0,,
RUS,Mercedes,89.786,22,2.0,7.0,HARD,0,,
NOR,McLaren,90.393,22,2.0,7.0,HARD,0,,
PIA,McLaren,90.496,22,2.0,8.0,HARD,0,,
ALO,Aston Martin,90.463,22,2.0,10.0,HARD,0,,
PER,Red Bull Racing,89.719,22,2.0,4.0,HARD,0,,
BOT,Alfa Romeo,92.922,22,1.0,21.0,HARD,0,,
RIC,AlphaTauri,90.883,22,2.0,14.0,HARD,0,,
HAM,Mercedes,91.502,22,2.0,6.0,HARD,0,,
OCO,Alpine,90.756,22,2.0,6.0,HARD,0,,
GAS,Alpine,90.179,22,2.0,4.0,HARD,0,,
HUL,Haas F1 Team,90.451,22,2.0,8.0,HARD,0,,
MAG,Haas F1 Team,94.337,22,2.0,16.0,HARD,0,2023-11-26 13:37:53.370000+00:00,
ZHO,Alfa Romeo,90.353,22,2.0,8.0,HARD,0,,
ALB,Williams,90.706,22,2.0,5.0,HARD,0,,
SAR,Williams,90.434,22,2.0,6.0,HARD,0,,
TSU,AlphaTauri,110.404,23,2.0,0.0,HARD,0,,2023-11-26 13:37:37.567000+00:00
VER,Red Bull Racing,89.634,23,2.0,6.0,HARD,0,,
LEC,Ferrari,89.847,23,2.0,5.0,HARD,0,,
STR,Aston Martin,108.971,23,2.0,1.0,HARD,0,,2023-11-26 13:37:43.592000+00:00
RUS,Mercedes,89.672,23,2.0,8.0,HARD,0,,
SAI,Ferrari,93.587,23,1.0,22.0,HARD,0,2023-11-26 13:38:58.291000+00:00,
NOR,McLaren,90.24,23,2.0,8.0,HARD,0,,
PIA,McLaren,90.103,23,2.0,9.0,HARD,0,,
ALO,Aston Martin,90.102,23,2.0,11.0,HARD,0,,
PER,Red Bull Racing,89.71,23,2.0,5.0,HARD,0,,
RIC,AlphaTauri,90.476,23,2.0,15.0,HARD,0,,
BOT,Alfa Romeo,92.934,23,1.0,22.0,HARD,0,,
HAM,Mercedes,90.265,23,2.0,7.0,HARD,0,,
OCO,Alpine,91.726,23,2.0,7.0,HARD,0,,
GAS,Alpine,91.158,23,2.0,5.0,HARD,0,,
HUL,Haas F1 Team,91.02,23,2.0,9.0,HARD,0,,
ZHO,Alfa Romeo,90.707,23,2.0,9.0,HARD,0,,
ALB,Williams,90.272,23,2.0,6.0,HARD,0,,
SAR,Williams,90.837,23,2.0,7.0,HARD,0,,
MAG,Haas F1 Team,111.422,23,3.0,0.0,HARD,0,,2023-11-26 13:38:15.470000+00:00
VER,Red Bull Racing,89.293,24,2.0,7.0,HARD,1,,
LEC,Ferrari,89.577,24,2.0,6.0,HARD,1,,
RUS,Mercedes,89.355,24,2.0,9.0,HARD,1,,
NOR,McLaren,89.791,24,2.0,9.0,HARD,1,,
PIA,McLaren,89.958,24,2.0,10.0,HARD,1,,
SAI,Ferrari,109.257,24,2.0,0.0,HARD,1,,2023-11-26 13:39:19.491000+00:00
ALO,Aston Martin,90.093,24,2.0,12.0,HARD,1,,
PER,Red Bull Racing,90.001,24,2.0,6.0,HARD,1,,
RIC,AlphaTauri,90.295,24,2.0,16.0,HARD,1,,
HAM,Mercedes,89.861,24,2.0,8.0,HARD,1,,
TSU,AlphaTauri,90.313,24,2.0,1.0,HARD,1,,
BOT,Alfa Romeo,92.36,24,1.0,23.0,HARD,1,,
OCO,Alpine,90.791,24,2.0,8.0,HARD,1,,
STR,Aston Martin,90.353,24,2.0,2.0,HARD,1,,
GAS,Alpine,90.802,24,2.0,6.0,HARD,1,,
HUL,Haas F1 Team,91.104,24,2.0,10.0,HARD,1,,
ZHO,Alfa Romeo,90.957,24,2.0,10.0,HARD,1,,
ALB,Williams,90.511,24,2.0,7.0,HARD,1,,
SAR,Williams,90.609,24,2.0,8.0,HARD,1,,
MAG,Haas F1 Team,91.448,24,3.0,1.0,HARD,1,,
VER,Red Bull Racing,89.401,25,2.0,8.0,HARD,0,,
LEC,Ferrari,89.707,25,2.0,7.0,HARD,0,,
RUS,Mercedes,89.545,25,2.0,10.0,HARD,0,,
NOR,McLaren,89.637,25,2.0,10.0,HARD,0,,
PIA,McLaren,90.028,25,2.0,11.0,HARD,0,,
ALO,Aston Martin,90.951,25,2.0,13.0,HARD,0,,
PER,Red Bull Racing,89.572,25,2.0,7.0,HARD,0,,
RIC,AlphaTauri,91.132,25,2.0,17.0,HARD,0,,
HAM,Mercedes,89.37,25,2.0,9.0,HARD,0,,
TSU,AlphaTauri,90.104,25,2.0,2.0,HARD,0,,
OCO,Alpine,90.338,25,2.0,9.0,HARD,0,,
BOT,Alfa Romeo,92.139,25,1.0,24.0,HARD,0,,
STR,Aston Martin,89.87,25,2.0,3.0,HARD,0,,
GAS,Alpine,90.852,25,2.0,7.0,HARD,0,,
HUL,Haas F1 Team,90.868,25,2.0,11.0,HARD,0,,
SAI,Ferrari,90.188,25,2.0,1.0,HARD,0,,
ZHO,Alfa Romeo,90.695,25,2.0,11.0,HARD,0,,
ALB,Williams,90.655,25,2.0,8.0,HARD,0,,
SAR,Williams,90.53,25,2.0,9.0,HARD,0,,
MAG,Haas F1 Team,90.592,25,3.0,2.0,HARD,0,,
VER,Red Bull Racing,89.289,26,2.0,9.0,HARD,0,,
LEC,Ferrari,89.655,26,2.0,8.0,HARD,0,,
RUS,Mercedes,89.54,26,2.0,11.0,HARD,0,,
NOR,McLaren,89.308,26,2.0,11.0,HARD,0,,
PIA,McLaren,89.918,26,2.0,12.0,HARD,0,,
PER,Red Bull Racing,89.864,26,2.0,8.0,HARD,0,,
ALO,Aston Martin,89.936,26,2.0,14.0,HARD,0,,
HAM,Mercedes,89.899,26,2.0,10.0,HARD,0,,
RIC,AlphaTauri,91.949,26,2.0,18.0,HARD,0,,
TSU,AlphaTauri,89.724,26,2.0,3.0,HARD,0,,
OCO,Alpine,90.993,26,2.0,10.0,HARD,0,,
STR,Aston Martin,88.86,26,2.0,4.0,HARD,0,,
BOT,Alfa Romeo,92.821,26,1.0,25.0,HARD,0,,
GAS,Alpine,90.629,26,2.0,8.0,HARD,0,,
HUL,Haas F1 Team,91.444,26,2.0,12.0,HARD,0,,
SAI,Ferrari,90.007,26,2.0,2.0,HARD,0,,
ZHO,Alfa Romeo,91.879,26,2.0,12.0,HARD,0,,
ALB,Williams,90.092,26,2.0,9.0,HARD,0,,
SAR,Williams,90.608,26,2.0,10.0,HARD,0,,
MAG,Haas F1 Team,90.599,26,3.0,3.0,HARD,0,,
VER,Red Bull Racing,89.156,27,2.0,10.0,HARD,0,,
LEC,Ferrari,89.21,27,2.0,9.0,HARD,0,,
RUS,Mercedes,89.432,27,2.0,12.0,HARD,0,,
NOR,McLaren,89.48,27,2.0,12.0,HARD,0,,
PIA,McLaren,89.602,27,2.0,13.0,HARD,0,,
PER,Red Bull Racing,89.34,27,2.0,9.0,HARD,0,,
ALO,Aston Martin,90.229,27,2.0,15.0,HARD,0,,
HAM,Mercedes,89.568,27,2.0,11.0,HARD,0,,
TSU,AlphaTauri,89.942,27,2.0,4.0,HARD,0,,
RIC,AlphaTauri,90.737,27,2.0,19.0,HARD,0,,
STR,Aston Martin,90.191,27,2.0,5.0,HARD,0,,
OCO,Alpine,90.578,27,2.0,11.0,HARD,0,,
GAS,Alpine,90.404,27,2.0,9.0,HARD,0,,
BOT,Alfa Romeo,91.817,27,1.0,26.0,HARD,0,,
HUL,Haas F1 Team,92.085,27,2.0,13.0,HARD,0,,
SAI,Ferrari,89.841,27,2.0,3.0,HARD,0,,
ALB,Williams,90.728,27,2.0,10.0,HARD,0,,
ZHO,Alfa Romeo,90.619,27,2.0,13.0,HARD,0,,
SAR,Williams,90.465,27,2.0,11.0,HARD,0,,
MAG,Haas F1 Team,90.691,27,3.0,4.0,HARD,0,,
VER,Red Bull Racing,89.217,28,2.0,11.0,HARD,0,,
LEC,Ferrari,89.556,28,2.0,10.0,HARD,0,,
RUS,Mercedes,89.565,28,2.0,13.0,HARD,0,,
NOR,McLaren,89.469,28,2.0,13.0,HARD,0,,
PIA,McLaren,91.036,28,2.0,14.0,HARD,0,,
PER,Red Bull Racing,88.954,28,2.0,10.0,HARD,0,,
ALO,Aston Martin,90.559,28,2.0,16.0,HARD,0,,
HAM,Mercedes,89.691,28,2.0,12.0,HARD,0,,
TSU,AlphaTauri,89.892,28,2.0,5.0,HARD,0,,
RIC,AlphaTauri,90.697,28,2.0,20.0,HARD,0,,
STR,Aston Martin,90.312,28,2.0,6.0,HARD,0,,
OCO,Alpine,90.322,28,2.0,12.0,HARD,0,,
GAS,Alpine,90.496,28,2.0,10.0,HARD,0,,
BOT,Alfa Romeo,92.424,28,1.0,27.0,HARD,0,,
SAI,Ferrari,89.977,28,2.0,4.0,HARD,0,,
HUL,Haas F1 Team,91.58,28,2.0,14.0,HARD,0,,
ALB,Williams,90.631,28,2.0,11.0,HARD,0,,
ZHO,Alfa Romeo,90.782,28,2.0,14.0,HARD,0,,
SAR,Williams,90.987,28,2.0,12.0,HARD,0,,
MAG,Haas F1 Team,90.709,28,3.0,5.0,HARD,0,,
VER,Red Bull Racing,89.183,29,2.0,12.0,HARD,0,,
LEC,Ferrari,89.556,29,2.0,11.0,HARD,0,,
RUS,Mercedes,89.722,29,2.0,14.0,HARD,0,,
NOR,McLaren,89.426,29,2.0,14.0,HARD,0,,
PER,Red Bull Racing,89.563,29,2.0,11.0,HARD,0,,
PIA,McLaren,90.34,29,2.0,15.0,HARD,0,,
ALO,Aston Martin,90.009,29,2.0,17.0,HARD,0,,
HAM,Mercedes,89.842,29,2.0,13.0,HARD,0,,
TSU,AlphaTauri,89.688,29,2.0,6.0,HARD,0,,
RIC,AlphaTauri,91.307,29,2.0,21.0,HARD,0,,
STR,Aston Martin,89.602,29,2.0,7.0,HARD,0,,
OCO,Alpine,90.504,29,2.0,13.0,HARD,0,,
GAS,Alpine,90.329,29,2.0,11.0,HARD,0,,
SAI,Ferrari,89.64,29,2.0,5.0,HARD,0,,
BOT,Alfa Romeo,94.094,29,1.0,28.0,HARD,0,2023-11-26 13:48:24.863000+00:00,
HUL,Haas F1 Team,91.768,29,2.0,15.0,HARD,0,,
ALB,Williams,90.588,29,2.0,12.0,HARD,0,,
ZHO,Alfa Romeo,90.608,29,2.0,15.0,HARD,0,,
SAR,Williams,90.693,29,2.0,13.0,HARD,0,,
MAG,Haas F1 Team,90.628,29,3.0,6.0,HARD,0,,
VER,Red Bull Racing,89.266,30,2.0,13.0,HARD,1,,
LEC,Ferrari,89.428,30,2.0,12.0,HARD,1,,
RUS,Mercedes,89.84,30,2.0,15.0,HARD,1,,
NOR,McLaren,89.5,30,2.0,15.0,HARD,1,,
PER,Red Bull Racing,89.48,30,2.0,12.0,HARD,1,,
PIA,McLaren,90.497,30,2.0,16.0,HARD,1,,
ALO,Aston Martin,90.415,30,2.0,18.0,HARD,1,,
HAM,Mercedes,90.118,30,2.0,14.0,HARD,1,,
TSU,AlphaTauri,89.989,30,2.0,7.0,HARD,1,,
STR,Aston Martin,89.736,30,2.0,8.0,HARD,1,,
RIC,AlphaTauri,90.678,30,2.0,22.0,HARD,1,,
OCO,Alpine,90.514,30,2.0,14.0,HARD,1,,
GAS,Alpine,90.392,30,2.0,12.0,HARD,1,,
SAI,Ferrari,89.7,30,2.0,6.0,HARD,1,,
HUL,Haas F1 Team,90.667,30,2.0,16.0,HARD,1,,
BOT,Alfa Romeo,113.086,30,2.0,0.0,MEDIUM,1,,2023-11-26 13:48:47.463000+00:00
ALB,Williams,90.591,30,2.0,13.0,HARD,1,,
ZHO,Alfa Romeo,91.054,30,2.0,16.0,HARD,1,,
SAR,Williams,90.642,30,2.0,14.0,HARD,1,,
MAG,Haas F1 Team,90.116,30,3.0,7.0,HARD,1,,
VER,Red Bull Racing,89.149,31,2.0,14.0,HARD,1,,
LEC,Ferrari,89.554,31,2.0,13.0,HARD,1,,
RUS,Mercedes,89.402,31,2.0,16.0,HARD,1,,
NOR,McLaren,90.01,31,2.0,16.0,HARD,1,,
PER,Red Bull Racing,89.413,31,2.0,13.0,HARD,1,,
PIA,McLaren,90.082,31,2.0,17.0,HARD,1,,
ALO,Aston Martin,90.128,31,2.0,19.0,HARD,1,,
HAM,Mercedes,89.806,31,2.0,15.0,HARD,1,,
TSU,AlphaTauri,89.667,31,2.0,8.0,HARD,1,,
STR,Aston Martin,89.706,31,2.0,9.0,HARD,1,,
RIC,AlphaTauri,92.484,31,2.0,23.0,HARD,1,2023-11-26 13:51:14.017000+00:00,
OCO,Alpine,90.319,31,2.0,15.0,HARD,1,,
GAS,Alpine,90.239,31,2.0,13.0,HARD,1,,
SAI,Ferrari,89.764,31,2.0,7.0,HARD,1,,
HUL,Haas F1 Team,90.593,31,2.0,17.0,HARD,1,,
ALB,Williams,90.555,31,2.0,14.0,HARD,1,,
ZHO,Alfa Romeo,90.935,31,2.0,17.0,HARD,1,,
SAR,Williams,90.647,31,2.0,15.0,HARD,1,,
BOT,Alfa Romeo,91.308,31,2.0,1.0,MEDIUM,1,,
MAG,Haas F1 Team,90.631,31,3.0,8.0,HARD,1,,
VER,Red Bull Racing,89.1,32,2.0,15.0,HARD,1,,
LEC,Ferrari,89.815,32,2.0,14.0,HARD,1,,
RUS,Mercedes,89.692,32,2.0,17.0,HARD,1,,
NOR,McLaren,89.842,32,2.0,17.0,HARD,1,,
PER,Red Bull Racing,89.314,32,2.0,14.0,HARD,1,,
PIA,McLaren,89.847,32,2.0,18.0,HARD,1,,
ALO,Aston Martin,89.807,32,2.0,20.0,HARD,1,,
HAM,Mercedes,89.876,32,2.0,16.0,HARD,1,,
TSU,AlphaTauri,89.968,32,2.0,9.0,HARD,1,,
STR,Aston Martin,89.831,32,2.0,10.0,HARD,1,,
OCO,Alpine,90.243,32,2.0,16.0,HARD,1,,
RIC,AlphaTauri,110.058,32,3.0,0.0,HARD,1,,2023-11-26 13:51:35.717000+00:00
GAS,Alpine,92.563,32,2.0,14.0,HARD,1,2023-11-26 13:52:50.297000+00:00,
SAI,Ferrari,89.897,32,2.0,8.0,HARD,1,,
HUL,Haas F1 Team,90.845,32,2.0,18.0,HARD,1,,
ALB,Williams,90.35,32,2.0,15.0,HARD,1,,
ZHO,Alfa Romeo,90.874,32,2.0,18.0,HARD,1,,
SAR,Williams,91.13,32,2.0,16.0,HARD,1,,
BOT,Alfa Romeo,90.245,32,2.0,2.0,MEDIUM,1,,
MAG,Haas F1 Team,90.684,32,3.0,9.0,HARD,1,,
VER,Red Bull Racing,89.137,33,2.0,16.0,HARD,1,,
LEC,Ferrari,89.693,33,2.0,15.0,HARD,1,,
RUS,Mercedes,89.593,33,2.0,18.0,HARD,1,,
NOR,McLaren,91.445,33,2.0,18.0,HARD,1,2023-11-26 13:53:53.484000+00:00,
PER,Red Bull Racing,89.261,33,2.0,15.0,HARD,1,,
PIA,McLaren,89.777,33,2.0,19.0,HARD,1,,
ALO,Aston Martin,90.426,33,2.0,21.0,HARD,1,,
HAM,Mercedes,89.774,33,2.0,17.0,HARD,1,,
TSU,AlphaTauri,89.759,33,2.0,10.0,HARD,1,,
STR,Aston Martin,90.128,33,2.0,11.0,HARD,1,,
OCO,Alpine,90.244,33,2.0,17.0,HARD,1,,
SAI,Ferrari,89.76,33,2.0,9.0,HARD,1,,
GAS,Alpine,111.301,33,3.0,0.0,HARD,1,,2023-11-26 13:53:13.697000+00:00
HUL,Haas F1 Team,92.455,33,2.0,19.0,HARD,1,2023-11-26 13:54:27.577000+00:00,
ALB,Williams,90.447,33,2.0,16.0,HARD,1,,
ZHO,Alfa Romeo,90.844,33,2.0,19.0,HARD,1,,
SAR,Williams,90.878,33,2.0,17.0,HARD,1,,
RIC,AlphaTauri,89.349,33,3.0,1.0,HARD,1,,
BOT,Alfa Romeo,90.623,33,2.0,3.0,MEDIUM,1,,
MAG,Haas F1 Team,90.437,33,3.0,10.0,HARD,1,,
VER,Red Bull Racing,89.077,34,2.0,17.0,HARD,1,,
LEC,Ferrari,89.447,34,2.0,16.0,HARD,1,,
RUS,Mercedes,90.962,34,2.0,19.0,HARD,1,2023-11-26 13:55:20.374000+00:00,
NOR,McLaren,107.697,34,3.0,0.0,HARD,1,,2023-11-26 13:54:14.884000+00:00
PER,Red Bull Racing,89.316,34,2.0,16.0,HARD,1,,
PIA,McLaren,89.841,34,2.0,20.0,HARD,1,,
ALO,Aston Martin,89.884,34,2.0,22.0,HARD,1,,
HAM,Mercedes,89.789,34,2.0,18.0,HARD,1,,
TSU,AlphaTauri,89.976,34,2.0,11.0,HARD,1,,
STR,Aston Martin,89.921,34,2.0,12.0,HARD,1,,
OCO,Alpine,90.033,34,2.0,18.0,HARD,1,,
SAI,Ferrari,89.674,34,2.0,10.0,HARD,1,,
ALB,Williams,90.026,34,2.0,17.0,HARD,1,,
HUL,Haas F1 Team,110.198,34,3.0,0.0,HARD,1,,2023-11-26 13:54:49.577000+00:00
ZHO,Alfa Romeo,90.941,34,2.0,20.0,HARD,1,,
SAR,Williams,90.769,34,2.0,18.0,HARD,1,,
RIC,AlphaTauri,89.584,34,3.0,2.0,HARD,1,,
GAS,Alpine,89.151,34,3.0,1.0,HARD,1,,
BOT,Alfa Romeo,90.473,34,2.0,4.0,MEDIUM,1,,
MAG,Haas F1 Team,90.452,34,3.0,11.0,HARD,1,,
VER,Red Bull Racing,89.148,35,2.0,18.0,HARD,0,,
LEC,Ferrari,91.443,35,2.0,17.0,HARD,0,2023-11-26 13:56:47.498000+00:00,
RUS,Mercedes,109.329,35,3.0,0.0,HARD,0,,2023-11-26 13:55:42.374000+00:00
PER,Red Bull Racing,89.243,35,2.0,17.0,HARD,0,,
PIA,McLaren,89.858,35,2.0,21.0,HARD,0,,
ALO,Aston Martin,89.869,35,2.0,23.0,HARD,0,,
HAM,Mercedes,91.324,35,2.0,19.0,HARD,0,2023-11-26 13:57:05.138000+00:00,
TSU,AlphaTauri,89.773,35,2.0,12.0,HARD,0,,
STR,Aston Martin,89.902,35,2.0,13.0,HARD,0,,
NOR,McLaren,88.736,35,3.0,1.0,HARD,0,,
OCO,Alpine,90.474,35,2.0,19.0,HARD,0,,
SAI,Ferrari,89.494,35,2.0,11.0,HARD,0,,
ALB,Williams,89.987,35,2.0,18.0,HARD,0,,
ZHO,Alfa Romeo,90.594,35,2.0,21.0,HARD,0,,
SAR,Williams,90.545,35,2.0,19.0,HARD,0,,
RIC,AlphaTauri,89.814,35,3.0,3.0,HARD,0,,
GAS,Alpine,89.016,35,3.0,2.0,HARD,0,,
HUL,Haas F1 Team,90.498,35,3.0,1.0,HARD,0,,
BOT,Alfa Romeo,90.401,35,2.0,5.0,MEDIUM,0,,
MAG,Haas F1 Team,90.413,35,3.0,12.0,HARD,0,,
VER,Red Bull Racing,88.902,36,2.0,19.0,HARD,0,,
LEC,Ferrari,108.82,36,3.0,0.0,HARD,0,,2023-11-26 13:57:08.698000+00:00
PER,Red Bull Racing,88.928,36,2.0,18.0,HARD,0,,
PIA,McLaren,91.58,36,2.0,22.0,HARD,0,2023-11-26 13:58:30.168000+00:00,
ALO,Aston Martin,92.048,36,2.0,24.0,HARD,0,2023-11-26 13:58:33.621000+00:00,
HAM,Mercedes,108.781,36,3.0,0.0,HARD,0,,2023-11-26 13:57:27.138000+00:00
TSU,AlphaTauri,89.64,36,2.0,13.0,HARD,0,,
STR,Aston Martin,90.486,36,2.0,14.0,HARD,0,,
RUS,Mercedes,88.687,36,3.0,1.0,HARD,0,,
NOR,McLaren,89.881,36,3.0,2.0,HARD,0,,
OCO,Alpine,90.622,36,2.0,20.0,HARD,0,,
SAI,Ferrari,90.228,36,2.0,12.0,HARD,0,,
ALB,Williams,90.341,36,2.0,19.0,HARD,0,,
ZHO,Alfa Romeo,90.67,36,2.0,22.0,HARD,0,,
SAR,Williams,90.74,36,2.0,20.0,HARD,0,,
RIC,AlphaTauri,90.531,36,3.0,4.0,HARD,0,,
GAS,Alpine,89.351,36,3.0,3.0,HARD,0,,
HUL,Haas F1 Team,89.691,36,3.0,2.0,HARD,0,,
BOT,Alfa Romeo,90.207,36,2.0,6.0,MEDIUM,0,,
MAG,Haas F1 Team,90.674,36,3.0,13.0,HARD,0,,
VER,Red Bull Racing,88.91,37,2.0,20.0,HARD,0,,
PER,Red Bull Racing,88.992,37,2.0,19.0,HARD,0,,
PIA,McLaren,107.533,37,3.0,0.0,HARD,0,,2023-11-26 13:58:51.268000+00:00
ALO,Aston Martin,110.279,37,3.0,1.0,HARD,0,,2023-11-26 13:58:55.421000+00:00
TSU,AlphaTauri,89.834,37,2.0,14.0,HARD,0,,
LEC,Ferrari,89.035,37,3.0,1.0,HARD,0,,
RUS,Mercedes,88.943,37,3.0,2.0,HARD,0,,
STR,Aston Martin,90.751,37,2.0,15.0,HARD,0,,
NOR,McLaren,89.22,37,3.0,3.0,HARD,0,,
OCO,Alpine,90.307,37,2.0,21.0,HARD,0,,
SAI,Ferrari,89.807,37,2.0,13.0,HARD,0,,
HAM,Mercedes,89.532,37,3.0,1.0,HARD,0,,
ALB,Williams,90.413,37,2.0,20.0,HARD,0,,
ZHO,Alfa Romeo,92.936,37,2.0,23.0,HARD,0,2023-11-26 14:00:35.448000+00:00,
SAR,Williams,91.78,37,2.0,21.0,HARD,0,,
RIC,AlphaTauri,91.968,37,3.0,5.0,HARD,0,,
GAS,Alpine,90.01,37,3.0,4.0,HARD,0,,
HUL,Haas F1 Team,89.747,37,3.0,3.0,HARD,0,,
BOT,Alfa Romeo,90.246,37,2.0,7.0,MEDIUM,0,,
MAG,Haas F1 Team,90.345,37,3.0,14.0,HARD,0,,
VER,Red Bull Racing,89.073,38,2.0,21.0,HARD,1,,
PER,Red Bull Racing,89.043,38,2.0,20.0,HARD,1,,
TSU,AlphaTauri,90.579,38,2.0,15.0,HARD,1,,
LEC,Ferrari,88.736,38,3.0,2.0,HARD,1,,
RUS,Mercedes,89.243,38,3.0,3.0,HARD,1,,
NOR,McLaren,89.596,38,3.0,4.0,HARD,1,,
STR,Aston Martin,90.403,38,2.0,16.0,HARD,1,,
OCO,Alpine,90.138,38,2.0,22.0,HARD,1,,
SAI,Ferrari,89.746,38,2.0,14.0,HARD,1,,
PIA,McLaren,88.138,38,3.0,1.0,HARD,1,,
HAM,Mercedes,90.373,38,3.0,2.0,HARD,1,,
ALO,Aston Martin,88.909,38,3.0,2.0,HARD,1,,
ALB,Williams,90.238,38,2.0,21.0,HARD,1,,
SAR,Williams,91.231,38,2.0,22.0,HARD,1,,
ZHO,Alfa Romeo,110.896,38,3.0,0.0,MEDIUM,1,,2023-11-26 14:00:57.748000+00:00
RIC,AlphaTauri,91.008,38,3.0,6.0,HARD,1,,
GAS,Alpine,90.098,38,3.0,5.0,HARD,1,,
HUL,Haas F1 Team,89.462,38,3.0,4.0,HARD,1,,
BOT,Alfa Romeo,90.016,38,2.0,8.0,MEDIUM,1,,
MAG,Haas F1 Team,90.376,38,3.0,15.0,HARD,1,,
VER,Red Bull Racing,88.849,39,2.0,22.0,HARD,1,,
PER,Red Bull Racing,89.13,39,2.0,21.0,HARD,1,,
LEC,Ferrari,88.759,39,3.0,3.0,HARD,1,,
TSU,AlphaTauri,91.013,39,2.0,16.0,HARD,1,,
RUS,Mercedes,89.194,39,3.0,4.0,HARD,1,,
NOR,McLaren,89.432,39,3.0,5.0,HARD,1,,
STR,Aston Martin,90.305,39,2.0,17.0,HARD,1,,
OCO,Alpine,92.095,39,2.0,23.0,HARD,1,,
SAI,Ferrari,90.581,39,2.0,15.0,HARD,1,,
PIA,McLaren,88.65,39,3.0,2.0,HARD,1,,
ALO,Aston Martin,88.8,39,3.0,3.0,HARD,1,,
HAM,Mercedes,89.221,39,3.0,3.0,HARD,1,,
ALB,Williams,90.497,39,2.0,22.0,HARD,1,,
SAR,Williams,91.989,39,2.0,23.0,HARD,1,,
RIC,AlphaTauri,90.068,39,3.0,7.0,HARD,1,,
GAS,Alpine,90.797,39,3.0,6.0,HARD,1,,
HUL,Haas F1 Team,90.091,39,3.0,5.0,HARD,1,,
BOT,Alfa Romeo,90.001,39,2.0,9.0,MEDIUM,1,,
MAG,Haas F1 Team,90.425,39,3.0,16.0,HARD,1,,
ZHO,Alfa Romeo,88.951,39,3.0,1.0,MEDIUM,1,,
VER,Red Bull Racing,89.053,40,2.0,23.0,HARD,0,,
PER,Red Bull Racing,88.909,40,2.0,22.0,HARD,0,,
LEC,Ferrari,88.546,40,3.0,4.0,HARD,0,,
RUS,Mercedes,88.683,40,3.0,5.0,HARD,0,,
TSU,AlphaTauri,89.633,40,2.0,17.0,HARD,0,,
NOR,McLaren,89.243,40,3.0,6.0,HARD,0,,
STR,Aston Martin,90.099,40,2.0,18.0,HARD,0,,
PIA,McLaren,88.683,40,3.0,3.0,HARD,0,,
SAI,Ferrari,89.635,40,2.0,16.0,HARD,0,,
OCO,Alpine,90.447,40,2.0,24.0,HARD,0,,
ALO,Aston Martin,88.617,40,3.0,4.0,HARD,0,,
HAM,Mercedes,88.867,40,3.0,4.0,HARD,0,,
ALB,Williams,90.331,40,2.0,23.0,HARD,0,,
RIC,AlphaTauri,88.841,40,3.0,8.0,HARD,0,,
SAR,Williams,91.754,40,2.0,24.0,HARD,0,,
GAS,Alpine,89.859,40,3.0,7.0,HARD,0,,
HUL,Haas F1 Team,90.121,40,3.0,6.0,HARD,0,,
BOT,Alfa Romeo,90.345,40,2.0,10.0,MEDIUM,0,,
MAG,Haas F1 Team,91.437,40,3.0,17.0,HARD,0,,
ZHO,Alfa Romeo,89.081,40,3.0,2.0,MEDIUM,0,,
VER,Red Bull Racing,89.003,41,2.0,24.0,HARD,1,,
PER,Red Bull Racing,89.195,41,2.0,23.0,HARD,1,,
LEC,Ferrari,88.466,41,3.0,5.0,HARD,1,,
RUS,Mercedes,88.612,41,3.0,6.0,HARD,1,,
TSU,AlphaTauri,89.511,41,2.0,18.0,HARD,1,,
NOR,McLaren,89.064,41,3.0,7.0,HARD,1,,
STR,Aston Martin,89.991,41,2.0,19.0,HARD,1,,
PIA,McLaren,88.762,41,3.0,4.0,HARD,1,,
SAI,Ferrari,89.495,41,2.0,17.0,HARD,1,,
OCO,Alpine,90.252,41,2.0,25.0,HARD,1,,
ALO,Aston Martin,88.81,41,3.0,5.0,HARD,1,,
HAM,Mercedes,88.81,41,3.0,5.0,HARD,1,,
ALB,Williams,90.31,41,2.0,24.0,HARD,1,,
RIC,AlphaTauri,88.838,41,3.0,9.0,HARD,1,,
GAS,Alpine,89.621,41,3.0,8.0,HARD,1,,
SAR,Williams,92.696,41,2.0,25.0,HARD,1,2023-11-26 14:06:42.506000+00:00,
HUL,Haas F1 Team,89.893,41,3.0,7.0,HARD,1,,
BOT,Alfa Romeo,90.161,41,2.0,11.0,MEDIUM,1,,
ZHO,Alfa Romeo,89.402,41,3.0,3.0,MEDIUM,1,,
MAG,Haas F1 Team,90.48,41,3.0,18.0,HARD,1,,
VER,Red Bull Racing,89.082,42,2.0,25.0,HARD,1,,
PER,Red Bull Racing,90.958,42,2.0,24.0,HARD,1,2023-11-26 14:07:17.818000+00:00,
LEC,Ferrari,88.277,42,3.0,6.0,HARD,1,,
RUS,Mercedes,88.792,42,3.0,7.0,HARD,1,,
TSU,AlphaTauri,90.349,42,2.0,19.0,HARD,1,,
NOR,McLaren,88.522,42,3.0,8.0,HARD,1,,
STR,Aston Martin,91.64,42,2.0,20.0,HARD,1,2023-11-26 14:07:42.678000+00:00,
PIA,McLaren,88.978,42,3.0,5.0,HARD,1,,
SAI,Ferrari,89.452,42,2.0,18.0,HARD,1,,
OCO,Alpine,90.742,42,2.0,26.0,HARD,1,,
ALO,Aston Martin,88.256,42,3.0,6.0,HARD,1,,
HAM,Mercedes,88.793,42,3.0,6.0,HARD,1,,
ALB,Williams,90.355,42,2.0,25.0,HARD,1,,
RIC,AlphaTauri,88.581,42,3.0,10.0,HARD,1,,
GAS,Alpine,89.231,42,3.0,9.0,HARD,1,,
SAR,Williams,110.027,42,3.0,0.0,HARD,1,,2023-11-26 14:07:04.306000+00:00
HUL,Haas F1 Team,89.396,42,3.0,8.0,HARD,1,,
BOT,Alfa Romeo,89.863,42,2.0,12.0,MEDIUM,1,,
ZHO,Alfa Romeo,88.972,42,3.0,4.0,MEDIUM,1,,
MAG,Haas F1 Team,90.356,42,3.0,19.0,HARD,1,,
VER,Red Bull Racing,91.391,43,2.0,26.0,HARD,0,2023-11-26 14:08:30.771000+00:00,
PER,Red Bull Racing,108.079,43,3.0,0.0,HARD,0,,2023-11-26 14:07:39.018000+00:00
LEC,Ferrari,88.211,43,3.0,7.0,HARD,0,,
RUS,Mercedes,88.524,43,3.0,8.0,HARD,0,,
NOR,McLaren,88.848,43,3.0,9.0,HARD,0,,
TSU,AlphaTauri,89.659,43,2.0,20.0,HARD,0,,
PIA,McLaren,88.332,43,3.0,6.0,HARD,0,,
STR,Aston Martin,108.24,43,3.0,0.0,MEDIUM,0,,2023-11-26 14:08:04.278000+00:00
SAI,Ferrari,89.612,43,2.0,19.0,HARD,0,,
ALO,Aston Martin,88.769,43,3.0,7.0,HARD,0,,
OCO,Alpine,91.081,43,2.0,27.0,HARD,0,,
HAM,Mercedes,88.711,43,3.0,7.0,HARD,0,,
ALB,Williams,92.175,43,2.0,26.0,HARD,0,2023-11-26 14:09:32.067000+00:00,
RIC,AlphaTauri,90.055,43,3.0,11.0,HARD,0,,
GAS,Alpine,89.717,43,3.0,10.0,HARD,0,,
HUL,Haas F1 Team,89.485,43,3.0,9.0,HARD,0,,
BOT,Alfa Romeo,91.418,43,2.0,13.0,MEDIUM,0,,
ZHO,Alfa Romeo,88.746,43,3.0,5.0,MEDIUM,0,,
MAG,Haas F1 Team,90.057,43,3.0,20.0,HARD,0,,
VER,Red Bull Racing,108.17,44,3.0,0.0,HARD,1,,2023-11-26 14:08:51.971000+00:00
SAR,Williams,88.58,43,3.0,1.0,HARD,0,,
LEC,Ferrari,88.199,44,3.0,8.0,HARD,1,,
RUS,Mercedes,88.36,44,3.0,9.0,HARD,1,,
NOR,McLaren,88.539,44,3.0,10.0,HARD,1,,
TSU,AlphaTauri,89.732,44,2.0,21.0,HARD,1,,
PER,Red Bull Racing,87.493,44,3.0,1.0,HARD,1,,
PIA,McLaren,88.489,44,3.0,7.0,HARD,1,,
SAI,Ferrari,89.809,44,2.0,20.0,HARD,1,,
ALO,Aston Martin,88.986,44,3.0,8.0,HARD,1,,
HAM,Mercedes,88.99,44,3.0,8.0,HARD,1,,
OCO,Alpine,90.431,44,2.0,28.0,HARD,1,,
STR,Aston Martin,88.05,44,3.0,1.0,MEDIUM,1,,
ALB,Williams,109.385,44,3.0,0.0,HARD,1,,2023-11-26 14:09:53.967000+00:00
RIC,AlphaTauri,88.818,44,3.0,12.0,HARD,1,,
GAS,Alpine,89.77,44,3.0,11.0,HARD,1,,
HUL,Haas F1 Team,89.542,44,3.0,10.0,HARD,1,,
ZHO,Alfa Romeo,89.083,44,3.0,6.0,MEDIUM,1,,
BOT,Alfa Romeo,89.999,44,2.0,14.0,MEDIUM,1,,
MAG,Haas F1 Team,90.084,44,3.0,21.0,HARD,1,,
SAR,Williams,88.645,44,3.0,2.0,HARD,1,,
VER,Red Bull Racing,86.993,45,3.0,1.0,HARD,1,,
LEC,Ferrari,88.395,45,3.0,9.0,HARD,1,,
RUS,Mercedes,88.187,45,3.0,10.0,HARD,1,,
NOR,McLaren,88.164,45,3.0,11.0,HARD,1,,
PER,Red Bull Racing,87.837,45,3.0,2.0,HARD,1,,
TSU,AlphaTauri,89.315,45,2.0,22.0,HARD,1,,
PIA,McLaren,88.149,45,3.0,8.0,HARD,1,,
SAI,Ferrari,90.132,45,2.0,21.0,HARD,1,,
ALO,Aston Martin,90.177,45,3.0,9.0,HARD,1,,
HAM,Mercedes,89.023,45,3.0,9.0,HARD,1,,
OCO,Alpine,90.163,45,2.0,29.0,HARD,1,,
STR,Aston Martin,88.177,45,3.0,2.0,MEDIUM,1,,
RIC,AlphaTauri,88.705,45,3.0,13.0,HARD,1,,
GAS,Alpine,89.503,45,3.0,12.0,HARD,1,,
HUL,Haas F1 Team,89.5,45,3.0,11.0,HARD,1,,
ZHO,Alfa Romeo,89.89,45,3.0,7.0,MEDIUM,1,,
ALB,Williams,87.845,45,3.0,1.0,HARD,1,,
BOT,Alfa Romeo,90.495,45,2.0,15.0,MEDIUM,1,,
MAG,Haas F1 Team,90.11,45,3.0,22.0,HARD,1,,
SAR,Williams,88.791,45,3.0,3.0,HARD,1,,
VER,Red Bull Racing,87.902,46,3.0,2.0,HARD,1,,
LEC,Ferrari,88.446,46,3.0,10.0,HARD,1,,
RUS,Mercedes,88.192,46,3.0,11.0,HARD,1,,
NOR,McLaren,88.187,46,3.0,12.0,HARD,1,,
PER,Red Bull Racing,87.914,46,3.0,3.0,HARD,1,,
TSU,AlphaTauri,89.41,46,2.0,23.0,HARD,1,,
PIA,McLaren,88.806,46,3.0,9.0,HARD,1,,
SAI,Ferrari,90.712,46,2.0,22.0,HARD,1,,
ALO,Aston Martin,88.554,46,3.0,10.0,HARD,1,,
HAM,Mercedes,89.729,46,3.0,10.0,HARD,1,,
OCO,Alpine,90.113,46,2.0,30.0,HARD,1,,
STR,Aston Martin,88.239,46,3.0,3.0,MEDIUM,1,,
RIC,AlphaTauri,88.708,46,3.0,14.0,HARD,1,,
GAS,Alpine,89.428,46,3.0,13.0,HARD,1,,
HUL,Haas F1 Team,89.456,46,3.0,12.0,HARD,1,,
ALB,Williams,88.694,46,3.0,2.0,HARD,1,,
ZHO,Alfa Romeo,89.324,46,3.0,8.0,MEDIUM,1,,
BOT,Alfa Romeo,89.998,46,2.0,16.0,MEDIUM,1,,
MAG,Haas F1 Team,89.934,46,3.0,23.0,HARD,1,,
SAR,Williams,88.918,46,3.0,4.0,HARD,1,,
VER,Red Bull Racing,87.962,47,3.0,3.0,HARD,1,,
LEC,Ferrari,88.221,47,3.0,11.0,HARD,1,,
RUS,Mercedes,88.261,47,3.0,12.0,HARD,1,,
NOR,McLaren,88.568,47,3.0,13.0,HARD,1,,
PER,Red Bull Racing,88.401,47,3.0,4.0,HARD,1,,
TSU,AlphaTauri,89.335,47,2.0,24.0,HARD,1,,
PIA,McLaren,89.266,47,3.0,10.0,HARD,1,,
ALO,Aston Martin,88.625,47,3.0,11.0,HARD,1,,
SAI,Ferrari,91.102,47,2.0,23.0,HARD,1,,
HAM,Mercedes,89.528,47,3.0,11.0,HARD,1,,
OCO,Alpine,90.177,47,2.0,31.0,HARD,1,,
STR,Aston Martin,88.535,47,3.0,4.0,MEDIUM,1,,
RIC,AlphaTauri,88.571,47,3.0,15.0,HARD,1,,
GAS,Alpine,89.726,47,3.0,14.0,HARD,1,,
HUL,Haas F1 Team,90.035,47,3.0,13.0,HARD,1,,
ALB,Williams,88.74,47,3.0,3.0,HARD,1,,
ZHO,Alfa Romeo,89.409,47,3.0,9.0,MEDIUM,1,,
BOT,Alfa Romeo,90.448,47,2.0,17.0,MEDIUM,1,,
MAG,Haas F1 Team,91.923,47,3.0,24.0,HARD,1,,
SAR,Williams,89.458,47,3.0,5.0,HARD,1,,
VER,Red Bull Racing,87.968,48,3.0,4.0,HARD,1,,
LEC,Ferrari,88.419,48,3.0,12.0,HARD,1,,
RUS,Mercedes,88.53,48,3.0,13.0,HARD,1,,
NOR,McLaren,89.763,48,3.0,14.0,HARD,1,,
PER,Red Bull Racing,87.97,48,3.0,5.0,HARD,1,,
TSU,AlphaTauri,90.932,48,2.0,25.0,HARD,1,,
PIA,McLaren,89.061,48,3.0,11.0,HARD,1,,
ALO,Aston Martin,88.592,48,3.0,12.0,HARD,1,,
HAM,Mercedes,88.814,48,3.0,12.0,HARD,1,,
SAI,Ferrari,90.565,48,2.0,24.0,HARD,1,,
OCO,Alpine,90.359,48,2.0,32.0,HARD,1,,
STR,Aston Martin,88.639,48,3.0,5.0,MEDIUM,1,,
RIC,AlphaTauri,88.702,48,3.0,16.0,HARD,1,,
GAS,Alpine,89.505,48,3.0,15.0,HARD,1,,
HUL,Haas F1 Team,90.121,48,3.0,14.0,HARD,1,,
ALB,Williams,88.92,48,3.0,4.0,HARD,1,,
ZHO,Alfa Romeo,89.383,48,3.0,10.0,MEDIUM,1,,
BOT,Alfa Romeo,90.492,48,2.0,18.0,MEDIUM,1,,
SAR,Williams,89.931,48,3.0,6.0,HARD,1,,
MAG,Haas F1 Team,90.657,48,3.0,25.0,HARD,1,,
VER,Red Bull Racing,87.901,49,3.0,5.0,HARD,0,,
LEC,Ferrari,88.396,49,3.0,13.0,HARD,0,,
RUS,Mercedes,88.428,49,3.0,14.0,HARD,0,,
PER,Red Bull Racing,87.926,49,3.0,6.0,HARD,0,,
NOR,McLaren,88.797,49,3.0,15.0,HARD,0,,
PIA,McLaren,89.445,49,3.0,12.0,HARD,0,,
TSU,AlphaTauri,89.951,49,2.0,26.0,HARD,0,,
ALO,Aston Martin,88.5,49,3.0,13.0,HARD,0,,
HAM,Mercedes,88.809,49,3.0,13.0,HARD,0,,
SAI,Ferrari,90.033,49,2.0,25.0,HARD,0,,
OCO,Alpine,90.258,49,2.0,33.0,HARD,0,,
STR,Aston Martin,89.03,49,3.0,6.0,MEDIUM,0,,
RIC,AlphaTauri,88.791,49,3.0,17.0,HARD,0,,
GAS,Alpine,89.518,49,3.0,16.0,HARD,0,,
HUL,Haas F1 Team,90.705,49,3.0,15.0,HARD,0,,
ALB,Williams,88.761,49,3.0,5.0,HARD,0,,
ZHO,Alfa Romeo,89.766,49,3.0,11.0,MEDIUM,0,,
BOT,Alfa Romeo,90.688,49,2.0,19.0,MEDIUM,0,,
SAR,Williams,88.896,49,3.0,7.0,HARD,0,,
MAG,Haas F1 Team,90.553,49,3.0,26.0,HARD,0,,
VER,Red Bull Racing,88.04,50,3.0,6.0,HARD,1,,
LEC,Ferrari,88.258,50,3.0,14.0,HARD,1,,
RUS,Mercedes,88.4,50,3.0,15.0,HARD,1,,
PER,Red Bull Racing,87.758,50,3.0,7.0,HARD,1,,
NOR,McLaren,88.634,50,3.0,16.0,HARD,1,,
PIA,McLaren,88.761,50,3.0,13.0,HARD,1,,
TSU,AlphaTauri,89.643,50,2.0,27.0,HARD,1,,
ALO,Aston Martin,88.619,50,3.0,14.0,HARD,1,,
HAM,Mercedes,88.585,50,3.0,14.0,HARD,1,,
SAI,Ferrari,89.873,50,2.0,26.0,HARD,1,,
OCO,Alpine,90.986,50,2.0,34.0,HARD,1,,
STR,Aston Martin,88.81,50,3.0,7.0,MEDIUM,1,,
RIC,AlphaTauri,89.065,50,3.0,18.0,HARD,1,,
GAS,Alpine,89.549,50,3.0,17.0,HARD,1,,
ALB,Williams,89.011,50,3.0,6.0,HARD,1,,
HUL,Haas F1 Team,90.2,50,3.0,16.0,HARD,1,,
ZHO,Alfa Romeo,89.704,50,3.0,12.0,MEDIUM,1,,
BOT,Alfa Romeo,91.586,50,2.0,20.0,MEDIUM,1,,
SAR,Williams,88.98,50,3.0,8.0,HARD,1,,
MAG,Haas F1 Team,90.509,50,3.0,27.0,HARD,1,,
VER,Red Bull Racing,87.849,51,3.0,7.0,HARD,1,,
LEC,Ferrari,88.695,51,3.0,15.0,HARD,1,,
RUS,Mercedes,88.692,51,3.0,16.0,HARD,1,,
PER,Red Bull Racing,87.866,51,3.0,8.0,HARD,1,,
NOR,McLaren,88.526,51,3.0,17.0,HARD,1,,
PIA,McLaren,88.556,51,3.0,14.0,HARD,1,,
TSU,AlphaTauri,89.529,51,2.0,28.0,HARD,1,,
ALO,Aston Martin,88.491,51,3.0,15.0,HARD,1,,
HAM,Mercedes,88.531,51,3.0,15.0,HARD,1,,
SAI,Ferrari,89.718,51,2.0,27.0,HARD,1,,
STR,Aston Martin,88.801,51,3.0,8.0,MEDIUM,1,,
OCO,Alpine,90.31,51,2.0,35.0,HARD,1,,
RIC,AlphaTauri,89.332,51,3.0,19.0,HARD,1,,
GAS,Alpine,89.445,51,3.0,18.0,HARD,1,,
ALB,Williams,88.675,51,3.0,7.0,HARD,1,,
HUL,Haas F1 Team,90.079,51,3.0,17.0,HARD,1,,
ZHO,Alfa Romeo,89.702,51,3.0,13.0,MEDIUM,1,,
SAR,Williams,88.837,51,3.0,9.0,HARD,1,,
BOT,Alfa Romeo,91.017,51,2.0,21.0,MEDIUM,1,,
MAG,Haas F1 Team,90.432,51,3.0,28.0,HARD,1,,
VER,Red Bull Racing,87.851,52,3.0,8.0,HARD,0,,
LEC,Ferrari,88.603,52,3.0,16.0,HARD,0,,
RUS,Mercedes,88.877,52,3.0,17.0,HARD,0,,
PER,Red Bull Racing,87.886,52,3.0,9.0,HARD,0,,
NOR,McLaren,88.839,52,3.0,18.0,HARD,0,,
PIA,McLaren,88.397,52,3.0,15.0,HARD,0,,
TSU,AlphaTauri,89.454,52,2.0,29.0,HARD,0,,
ALO,Aston Martin,88.604,52,3.0,16.0,HARD,0,,
HAM,Mercedes,88.372,52,3.0,16.0,HARD,0,,
SAI,Ferrari,89.645,52,2.0,28.0,HARD,0,,
STR,Aston Martin,88.864,52,3.0,9.0,MEDIUM,0,,
OCO,Alpine,90.984,52,2.0,36.0,HARD,0,,
RIC,AlphaTauri,88.743,52,3.0,20.0,HARD,0,,
GAS,Alpine,89.587,52,3.0,19.0,HARD,0,,
ALB,Williams,88.402,52,3.0,8.0,HARD,0,,
HUL,Haas F1 Team,90.105,52,3.0,18.0,HARD,0,,
ZHO,Alfa Romeo,89.608,52,3.0,14.0,MEDIUM,0,,
SAR,Williams,88.64,52,3.0,10.0,HARD,0,,
BOT,Alfa Romeo,90.924,52,2.0,22.0,MEDIUM,0,,
MAG,Haas F1 Team,91.497,52,3.0,29.0,HARD,0,,
VER,Red Bull Racing,87.683,53,3.0,9.0,HARD,1,,
LEC,Ferrari,88.545,53,3.0,17.0,HARD,1,,
RUS,Mercedes,88.825,53,3.0,18.0,HARD,1,,
PER,Red Bull Racing,88.307,53,3.0,10.0,HARD,1,,
NOR,McLaren,88.557,53,3.0,19.0,HARD,1,,
PIA,McLaren,88.788,53,3.0,16.0,HARD,1,,
TSU,AlphaTauri,89.413,53,2.0,30.0,HARD,1,,
ALO,Aston Martin,88.714,53,3.0,17.0,HARD,1,,
HAM,Mercedes,88.474,53,3.0,17.0,HARD,1,,
SAI,Ferrari,89.775,53,2.0,29.0,HARD,1,,
STR,Aston Martin,89.205,53,3.0,10.0,MEDIUM,1,,
RIC,AlphaTauri,88.742,53,3.0,21.0,HARD,1,,
OCO,Alpine,90.283,53,2.0,37.0,HARD,1,,
GAS,Alpine,89.532,53,3.0,20.0,HARD,1,,
ALB,Williams,88.608,53,3.0,9.0,HARD,1,,
HUL,Haas F1 Team,90.09,53,3.0,19.0,HARD,1,,
ZHO,Alfa Romeo,89.781,53,3.0,15.0,MEDIUM,1,,
SAR,Williams,88.943,53,3.0,11.0,HARD,1,,
BOT,Alfa Romeo,91.713,53,2.0,23.0,MEDIUM,1,,
VER,Red Bull Racing,87.513,54,3.0,10.0,HARD,1,,
MAG,Haas F1 Team,90.445,53,3.0,30.0,HARD,1,,
LEC,Ferrari,88.778,54,3.0,18.0,HARD,1,,
RUS,Mercedes,90.038,54,3.0,19.0,HARD,1,,
PER,Red Bull Racing,88.024,54,3.0,11.0,HARD,1,,
NOR,McLaren,88.59,54,3.0,20.0,HARD,1,,
PIA,McLaren,88.536,54,3.0,17.0,HARD,1,,
TSU,AlphaTauri,89.385,54,2.0,31.0,HARD,1,,
ALO,Aston Martin,89.174,54,3.0,18.0,HARD,1,,
HAM,Mercedes,88.634,54,3.0,18.0,HARD,1,,
SAI,Ferrari,89.734,54,2.0,30.0,HARD,1,,
STR,Aston Martin,89.301,54,3.0,11.0,MEDIUM,1,,
RIC,AlphaTauri,88.76,54,3.0,22.0,HARD,1,,
OCO,Alpine,90.272,54,2.0,38.0,HARD,1,,
GAS,Alpine,89.435,54,3.0,21.0,HARD,1,,
ALB,Williams,88.812,54,3.0,10.0,HARD,1,,
HUL,Haas F1 Team,89.667,54,3.0,20.0,HARD,1,,
ZHO,Alfa Romeo,90.289,54,3.0,16.0,MEDIUM,1,,
SAR,Williams,88.923,54,3.0,12.0,HARD,1,,
VER,Red Bull Racing,87.93,55,3.0,11.0,HARD,1,,
BOT,Alfa Romeo,90.855,54,2.0,24.0,MEDIUM,1,,
MAG,Haas F1 Team,90.207,54,3.0,31.0,HARD,1,,
LEC,Ferrari,88.552,55,3.0,19.0,HARD,1,,
PER,Red Bull Racing,88.187,55,3.0,12.0,HARD,1,,
RUS,Mercedes,88.976,55,3.0,20.0,HARD,1,,
NOR,McLaren,88.458,55,3.0,21.0,HARD,1,,
PIA,McLaren,88.729,55,3.0,18.0,HARD,1,,
TSU,AlphaTauri,89.256,55,2.0,32.0,HARD,1,,
ALO,Aston Martin,88.952,55,3.0,19.0,HARD,1,,
HAM,Mercedes,88.584,55,3.0,19.0,HARD,1,,
SAI,Ferrari,89.654,55,2.0,31.0,HARD,1,,
STR,Aston Martin,89.458,55,3.0,12.0,MEDIUM,1,,
RIC,AlphaTauri,88.871,55,3.0,23.0,HARD,1,,
OCO,Alpine,90.287,55,2.0,39.0,HARD,1,,
GAS,Alpine,89.307,55,3.0,22.0,HARD,1,,
ALB,Williams,88.742,55,3.0,11.0,HARD,1,,
HUL,Haas F1 Team,89.576,55,3.0,21.0,HARD,1,,
ZHO,Alfa Romeo,90.416,55,3.0,17.0,MEDIUM,1,,
SAR,Williams,89.025,55,3.0,13.0,HARD,1,,
VER,Red Bull Racing,87.727,56,3.0,12.0,HARD,0,,
BOT,Alfa Romeo,90.53,55,2.0,25.0,MEDIUM,1,,
MAG,Haas F1 Team,90.252,55,3.0,32.0,HARD,1,,
LEC,Ferrari,88.657,56,3.0,20.0,HARD,0,,
PER,Red Bull Racing,87.896,56,3.0,13.0,HARD,0,,
RUS,Mercedes,88.466,56,3.0,21.0,HARD,0,,
NOR,McLaren,88.572,56,3.0,22.0,HARD,0,,
PIA,McLaren,88.706,56,3.0,19.0,HARD,0,,
TSU,AlphaTauri,91.027,56,2.0,33.0,HARD,0,,
ALO,Aston Martin,89.108,56,3.0,20.0,HARD,0,,
HAM,Mercedes,89.138,56,3.0,20.0,HARD,0,,
SAI,Ferrari,91.454,56,2.0,32.0,HARD,0,2023-11-26 14:28:46.679000+00:00,
STR,Aston Martin,89.655,56,3.0,13.0,MEDIUM,0,,
RIC,AlphaTauri,88.929,56,3.0,24.0,HARD,0,,
OCO,Alpine,90.208,56,2.0,40.0,HARD,0,,
GAS,Alpine,89.496,56,3.0,23.0,HARD,0,,
ALB,Williams,88.743,56,3.0,12.0,HARD,0,,
HUL,Haas F1 Team,89.507,56,3.0,22.0,HARD,0,,
ZHO,Alfa Romeo,90.2,56,3.0,18.0,MEDIUM,0,,
SAR,Williams,89.43,56,3.0,14.0,HARD,0,,
VER,Red Bull Racing,87.98,57,3.0,13.0,HARD,0,,
BOT,Alfa Romeo,90.13,56,2.0,26.0,MEDIUM,0,,
MAG,Haas F1 Team,90.429,56,3.0,33.0,HARD,0,,
LEC,Ferrari,89.031,57,3.0,21.0,HARD,0,,
PER,Red Bull Racing,87.991,57,3.0,14.0,HARD,0,,
RUS,Mercedes,88.557,57,3.0,22.0,HARD,0,,
NOR,McLaren,88.8,57,3.0,23.0,HARD,0,,
PIA,McLaren,88.786,57,3.0,20.0,HARD,0,,
ALO,Aston Martin,89.038,57,3.0,21.0,HARD,0,,
TSU,AlphaTauri,89.828,57,2.0,34.0,HARD,0,,
HAM,Mercedes,89.666,57,3.0,21.0,HARD,0,,
STR,Aston Martin,89.486,57,3.0,14.0,MEDIUM,0,,
SAI,Ferrari,110.847,57,3.0,0.0,SOFT,0,,2023-11-26 14:29:08.179000+00:00
RIC,AlphaTauri,89.06,57,3.0,25.0,HARD,0,,
OCO,Alpine,90.477,57,2.0,41.0,HARD,0,,
GAS,Alpine,89.642,57,3.0,24.0,HARD,0,,
ALB,Williams,88.749,57,3.0,13.0,HARD,0,,
HUL,Haas F1 Team,89.437,57,3.0,23.0,HARD,0,,
ZHO,Alfa Romeo,90.991,57,3.0,19.0,MEDIUM,0,,
SAR,Williams,89.265,57,3.0,15.0,HARD,0,,
VER,Red Bull Racing,88.545,58,3.0,14.0,HARD,1,,
BOT,Alfa Romeo,90.55,57,2.0,27.0,MEDIUM,0,,
MAG,Haas F1 Team,91.256,57,3.0,34.0,HARD,0,,
LEC,Ferrari,91.284,58,3.0,22.0,HARD,1,,
PER,Red Bull Racing,87.948,58,3.0,15.0,HARD,1,,
RUS,Mercedes,88.82,58,3.0,23.0,HARD,1,,
NOR,McLaren,88.588,58,3.0,24.0,HARD,1,,
PIA,McLaren,88.467,58,3.0,21.0,HARD,1,,
ALO,Aston Martin,88.706,58,3.0,22.0,HARD,1,,
TSU,AlphaTauri,90.38,58,2.0,35.0,HARD,1,,
HAM,Mercedes,90.894,58,3.0,22.0,HARD,1,,
STR,Aston Martin,89.683,58,3.0,15.0,MEDIUM,1,,
RIC,AlphaTauri,89.02,58,3.0,26.0,HARD,1,,
OCO,Alpine,90.639,58,2.0,42.0,HARD,1,,
GAS,Alpine,89.547,58,3.0,25.0,HARD,1,,
ALB,Williams,88.67,58,3.0,14.0,HARD,1,,
SAI,Ferrari,,58,,,,1,,
HUL,Haas F1 Team,89.217,58,3.0,24.0,HARD,1,,
SAR,Williams,89.379,58,3.0,16.0,HARD,1,,
ZHO,Alfa Romeo,90.327,58,3.0,20.0,MEDIUM,1,,
VER,Red Bull Racing,,59,,,,0,,
